Code,Label,Symbol,Description
10,group,,A unit of count defining the number of groups (group: set of items classified together).
11,outfit,,A unit of count defining the number of outfits (outfit: a complete set of equipment / materials / objects used for a specific purpose).
13,ration,,A unit of count defining the number of rations (ration: a single portion of provisions).
14,shot,,"A unit of liquid measure, especially related to spirits."
15,"stick, military",,A unit of count defining the number of military sticks (military stick: bombs or paratroops released in rapid succession from an aircraft).
20,twenty foot container,,A unit of count defining the number of shipping containers that measure 20 foot in length.
21,forty foot container,,A unit of count defining the number of shipping containers that measure 40 foot in length.
22,decilitre per gram,dl/g,
23,gram per cubic centimetre,g/cm³,
24,theoretical pound,,A unit of mass defining the expected mass of material expressed as the number of pounds.
25,gram per square centimetre,g/cm²,
27,theoretical ton,,"A unit of mass defining the expected mass of material, expressed as the number of tons."
28,kilogram per square metre,kg/m²,
33,kilopascal square metre per gram,kPa·m²/g,
34,kilopascal per millimetre,kPa/mm,
35,millilitre per square centimetre second,ml/(cm²·s),
37,ounce per square foot,oz/ft²,
38,"ounce per square foot per 0,01inch",oz/(ft²/cin),
40,millilitre per second,ml/s,
41,millilitre per minute,ml/min,
56,sitas,,A unit of area for tin plate equal to a surface area of 100 square metres.
57,mesh,,A unit of count defining the number of strands per inch as a measure of the fineness of a woven product.
58,net kilogram,,A unit of mass defining the total number of kilograms after deductions.
59,part per million,ppm,A unit of proportion equal to 10⁻⁶.
60,percent weight,,A unit of proportion equal to 10⁻².
61,part per billion (US),ppb,A unit of proportion equal to 10⁻⁹.
74,millipascal,mPa,
77,milli-inch,mil,
80,pound per square inch absolute,lb/in²,
81,henry,H,
85,foot pound-force,ft·lbf,
87,pound per cubic foot,lb/ft³,
89,poise,P,
91,stokes,St,
1I,fixed rate,,A unit of quantity expressed as a predetermined or set rate for usage of a facility or service.
2A,radian per second,rad/s,Refer ISO/TC12 SI Guide
2B,radian per second squared,rad/s²,Refer ISO/TC12 SI Guide
2C,roentgen,R,
2G,volt AC,V,A unit of electric potential in relation to alternating current (AC).
2H,volt DC,V,A unit of electric potential in relation to direct current (DC).
2I,British thermal unit (international table) per hour,BtuIT/h,
2J,cubic centimetre per second,cm³/s,
2K,cubic foot per hour,ft³/h,
2L,cubic foot per minute,ft³/min,
2M,centimetre per second,cm/s,
2N,decibel,dB,
2P,kilobyte,kbyte,A unit of information equal to 10³ (1000) bytes.
2Q,kilobecquerel,kBq,
2R,kilocurie,kCi,
2U,megagram,Mg,
2X,metre per minute,m/min,
2Y,milliroentgen,mR,
2Z,millivolt,mV,
3B,megajoule,MJ,
3C,manmonth,,A unit of count defining the number of months for a person or persons to perform an undertaking.
4C,centistokes,cSt,
4G,microlitre,µl,
4H,micrometre (micron),µm,
4K,milliampere,mA,
4L,megabyte,Mbyte,A unit of information equal to 10⁶ (1000000) bytes.
4M,milligram per hour,mg/h,
4N,megabecquerel,MBq,
4O,microfarad,µF,
4P,newton per metre,N/m,
4Q,ounce inch,oz·in,
4R,ounce foot,oz·ft,
4T,picofarad,pF,
4U,pound per hour,lb/h,
4W,ton (US) per hour,ton (US) /h,
4X,kilolitre per hour,kl/h,
5A,barrel (US) per minute,barrel (US)/min,
5B,batch,,A unit of count defining the number of batches (batch: quantity of material produced in one operation or number of animals or persons coming at once).
5E,MMSCF/day,,A unit of volume equal to one million (1000000) cubic feet of gas per day.
5J,hydraulic horse power,,A unit of power defining the hydraulic horse power delivered by a fluid pump depending on the viscosity of the fluid.
A10,ampere square metre per joule second,A·m²/(J·s),
A11,angstrom,Å,
A12,astronomical unit,ua,
A13,attojoule,aJ,
A14,barn,b,
A15,barn per electronvolt,b/eV,
A16,barn per steradian electronvolt,b/(sr·eV),
A17,barn per steradian,b/sr,
A18,becquerel per kilogram,Bq/kg,
A19,becquerel per cubic metre,Bq/m³,
A2,ampere per centimetre,A/cm,
A20,British thermal unit (international table) per second square foot degree Rankine,BtuIT/(s·ft²·°R),
A21,British thermal unit (international table) per pound degree Rankine,BtuIT/(lb·°R),
A22,British thermal unit (international table) per second foot degree Rankine,BtuIT/(s·ft·°R),
A23,British thermal unit (international table) per hour square foot degree Rankine,BtuIT/(h·ft²·°R),
A24,candela per square metre,cd/m²,
A26,coulomb metre,C·m,
A27,coulomb metre squared per volt,C·m²/V,
A28,coulomb per cubic centimetre,C/cm³,
A29,coulomb per cubic metre,C/m³,
A3,ampere per millimetre,A/mm,
A30,coulomb per cubic millimetre,C/mm³,
A31,coulomb per kilogram second,C/(kg·s),
A32,coulomb per mole,C/mol,
A33,coulomb per square centimetre,C/cm²,
A34,coulomb per square metre,C/m²,
A35,coulomb per square millimetre,C/mm²,
A36,cubic centimetre per mole,cm³/mol,
A37,cubic decimetre per mole,dm³/mol,
A38,cubic metre per coulomb,m³/C,
A39,cubic metre per kilogram,m³/kg,
A4,ampere per square centimetre,A/cm²,
A40,cubic metre per mole,m³/mol,
A41,ampere per square metre,A/m²,
A42,curie per kilogram,Ci/kg,
A43,deadweight tonnage,dwt,"A unit of mass defining the difference between the weight of a ship when completely empty and its weight when completely loaded, expressed as the number of tons."
A44,decalitre,dal,
A45,decametre,dam,
A47,decitex,dtex (g/10km),A unit of yarn density. One decitex equals a mass of 1 gram per 10 kilometres of length.
A48,degree Rankine,°R,Refer ISO 80000-5 (Quantities and units — Part 5: Thermodynamics)
A49,denier,den (g/9 km),A unit of yarn density. One denier equals a mass of 1 gram per 9 kilometres of length.
A5,ampere square metre,A·m²,
A53,electronvolt,eV,
A54,electronvolt per metre,eV/m,
A55,electronvolt square metre,eV·m²,
A56,electronvolt square metre per kilogram,eV·m²/kg,
A59,8-part cloud cover,,"A unit of count defining the number of eighth-parts as a measure of the celestial dome cloud coverage.,Synonym: OKTA , OCTA"
A6,ampere per square metre kelvin squared,A/(m²·K²),
A68,exajoule,EJ,
A69,farad per metre,F/m,
A7,ampere per square millimetre,A/mm²,
A70,femtojoule,fJ,
A71,femtometre,fm,
A73,foot per second squared,ft/s²,
A74,foot pound-force per second,ft·lbf/s,
A75,freight ton,,"A unit of information typically used for billing purposes, defined as either the number of metric tons or the number of cubic metres, whichever is the larger."
A76,gal,Gal,
A8,ampere second,A·s,
A84,gigacoulomb per cubic metre,GC/m³,
A85,gigaelectronvolt,GeV,
A86,gigahertz,GHz,
A87,gigaohm,GΩ,
A88,gigaohm metre,GΩ·m,
A89,gigapascal,GPa,
A9,rate,,A unit of quantity expressed as a rate for usage of a facility or service.
A90,gigawatt,GW,
A91,gon,gon,Synonym: grade
A93,gram per cubic metre,g/m³,
A94,gram per mole,g/mol,
A95,gray,Gy,
A96,gray per second,Gy/s,
A97,hectopascal,hPa,
A98,henry per metre,H/m,
A99,bit,bit,A unit of information equal to one binary digit.
AA,ball,,A unit of count defining the number of balls (ball: object formed in the shape of sphere).
AB,bulk pack,pk,A unit of count defining the number of items per bulk pack.
ACR,acre,acre,
ACT,activity,,A unit of count defining the number of activities (activity: a unit of work or action).
AD,byte,byte,A unit of information equal to 8 bits.
AE,ampere per metre,A/m,
AH,additional minute,,A unit of time defining the number of minutes in addition to the referenced minutes.
AI,average minute per call,,A unit of count defining the number of minutes for the average interval of a call.
AK,fathom,fth,
AL,access line,,A unit of count defining the number of telephone access lines.
AMH,ampere hour,A·h,A unit of electric charge defining the amount of charge accumulated by a steady flow of one ampere for one hour.
AMP,ampere,A,
ANN,year,y,"Unit of time equal to 365,25 days.,Synonym: Julian year"
APZ,troy ounce or apothecary ounce,tr oz,
AQ,anti-hemophilic factor (AHF) unit,,A unit of measure for blood potency (US).
AS,assortment,,A unit of count defining the number of assortments (assortment: set of items grouped in a mixed collection).
ASM,alcoholic strength by mass,,A unit of mass defining the alcoholic strength of a liquid.
ASU,alcoholic strength by volume,,"A unit of volume defining the alcoholic strength of a liquid (e.g. spirit, wine, beer, etc), often at a specific temperature."
ATM,standard atmosphere,atm,
AWG,american wire gauge,AWG,A unit of distance used for measuring the diameter of small tubes or wires such as the outer diameter of hypotermic or suture needles.
AY,assembly,,A unit of count defining the number of assemblies (assembly: items that consist of component parts).
AZ,British thermal unit (international table) per pound,BtuIT/lb,
B1,barrel (US) per day,barrel (US)/d,
B10,bit per second,bit/s,A unit of information equal to one binary digit per second.
B11,joule per kilogram kelvin,J/(kg·K),
B12,joule per metre,J/m,
B13,joule per square metre,J/m²,Synonym: joule per metre squared
B14,joule per metre to the fourth power,J/m⁴,
B15,joule per mole,J/mol,
B16,joule per mole kelvin,J/(mol·K),
B17,credit,,A unit of count defining the number of entries made to the credit side of an account.
B18,joule second,J·s,
B19,digit,,A unit of information defining the quantity of numerals used to form a number.
B20,joule square metre per kilogram,J·m²/kg,
B21,kelvin per watt,K/W,
B22,kiloampere,kA,
B23,kiloampere per square metre,kA/m²,
B24,kiloampere per metre,kA/m,
B25,kilobecquerel per kilogram,kBq/kg,
B26,kilocoulomb,kC,
B27,kilocoulomb per cubic metre,kC/m³,
B28,kilocoulomb per square metre,kC/m²,
B29,kiloelectronvolt,keV,
B3,batting pound,,A unit of mass defining the number of pounds of wadded fibre.
B30,gibibit,Gibit,A unit of information equal to 2³⁰ bits (binary digits).
B31,kilogram metre per second,kg·m/s,
B32,kilogram metre squared,kg·m²,
B33,kilogram metre squared per second,kg·m²/s,
B34,kilogram per cubic decimetre,kg/dm³,
B35,kilogram per litre,kg/l or kg/L,
B4,"barrel, imperial",,A unit of volume used to measure beer.  One beer barrel equals 36 imperial gallons.
B41,kilojoule per kelvin,kJ/K,
B42,kilojoule per kilogram,kJ/kg,
B43,kilojoule per kilogram kelvin,kJ/(kg·K),
B44,kilojoule per mole,kJ/mol,
B45,kilomole,kmol,
B46,kilomole per cubic metre,kmol/m³,
B47,kilonewton,kN,
B48,kilonewton metre,kN·m,
B49,kiloohm,kΩ,
B50,kiloohm metre,kΩ·m,
B52,kilosecond,ks,
B53,kilosiemens,kS,
B54,kilosiemens per metre,kS/m,
B55,kilovolt per metre,kV/m,
B56,kiloweber per metre,kWb/m,
B57,light year,ly,A unit of length defining the distance that light travels in a vacuum in one year.
B58,litre per mole,l/mol,
B59,lumen hour,lm·h,
B60,lumen per square metre,lm/m²,
B61,lumen per watt,lm/W,
B62,lumen second,lm·s,
B63,lux hour,lx·h,
B64,lux second,lx·s,
B66,megaampere per square metre,MA/m²,
B67,megabecquerel per kilogram,MBq/kg,
B68,gigabit,Gbit,A unit of information equal to 10⁹ bits (binary digits).
B69,megacoulomb per cubic metre,MC/m³,
B7,cycle,,A unit of count defining the number of cycles (cycle: a recurrent period of definite duration).
B70,megacoulomb per square metre,MC/m²,
B71,megaelectronvolt,MeV,
B72,megagram per cubic metre,Mg/m³,
B73,meganewton,MN,
B74,meganewton metre,MN·m,
B75,megaohm,MΩ,
B76,megaohm metre,MΩ·m,
B77,megasiemens per metre,MS/m,
B78,megavolt,MV,
B79,megavolt per metre,MV/m,
B8,joule per cubic metre,J/m³,
B80,gigabit per second,Gbit/s,A unit of information equal to 10⁹ bits (binary digits) per second.
B81,reciprocal metre squared reciprocal second,m⁻²/s,
B82,inch per linear foot,,A unit of length defining the number of inches per linear foot.
B83,metre to the fourth power,m⁴,
B84,microampere,µA,
B85,microbar,µbar,
B86,microcoulomb,µC,
B87,microcoulomb per cubic metre,µC/m³,
B88,microcoulomb per square metre,µC/m²,
B89,microfarad per metre,µF/m,
B90,microhenry,µH,
B91,microhenry per metre,µH/m,
B92,micronewton,µN,
B93,micronewton metre,µN·m,
B94,microohm,µΩ,
B95,microohm metre,µΩ·m,
B96,micropascal,µPa,
B97,microradian,µrad,
B98,microsecond,µs,
B99,microsiemens,µS,
BAR,bar [unit of pressure],bar,
BB,base box,,"A unit of area of 112 sheets of tin mil products (tin plate, tin free steel or black plate) 14 by 20 inches, or 31,360 square inches."
BFT,board foot,fbm,A unit of volume defining the number of cords (cord: a stack of firewood of 128 cubic feet).
BHP,brake horse power,BHP,
BIL,billion (EUR),,Synonym: trillion (US)
BLD,dry barrel (US),bbl (US),
BLL,barrel (US),barrel (US),
BP,hundred board foot,,A unit of volume equal to one hundred board foot.
BPM,beats per minute,BPM,The number of beats per minute.
BQL,becquerel,Bq,
BTU,British thermal unit (international table),BtuIT,
BUA,bushel (US),bu (US),
BUI,bushel (UK),bushel (UK),
C0,call,,A unit of count defining the number of calls (call: communication session or visitation).
C10,millifarad,mF,
C11,milligal,mGal,
C12,milligram per metre,mg/m,
C13,milligray,mGy,
C14,millihenry,mH,
C15,millijoule,mJ,
C16,millimetre per second,mm/s,
C17,millimetre squared per second,mm²/s,
C18,millimole,mmol,
C19,mole per kilogram,mol/kg,
C20,millinewton,mN,
C21,kibibit,Kibit,A unit of information equal to 2¹⁰ (1024) bits (binary digits).
C22,millinewton per metre,mN/m,
C23,milliohm metre,mΩ·m,
C24,millipascal second,mPa·s,
C25,milliradian,mrad,
C26,millisecond,ms,
C27,millisiemens,mS,
C28,millisievert,mSv,
C29,millitesla,mT,
C3,microvolt per metre,µV/m,
C30,millivolt per metre,mV/m,
C31,milliwatt,mW,
C32,milliwatt per square metre,mW/m²,
C33,milliweber,mWb,
C34,mole,mol,
C35,mole per cubic decimetre,mol/dm³,
C36,mole per cubic metre,mol/m³,
C37,kilobit,kbit,A unit of information equal to 10³ (1000) bits (binary digits).
C38,mole per litre,mol/l,
C39,nanoampere,nA,
C40,nanocoulomb,nC,
C41,nanofarad,nF,
C42,nanofarad per metre,nF/m,
C43,nanohenry,nH,
C44,nanohenry per metre,nH/m,
C45,nanometre,nm,
C46,nanoohm metre,nΩ·m,
C47,nanosecond,ns,
C48,nanotesla,nT,
C49,nanowatt,nW,
C50,neper,Np,
C51,neper per second,Np/s,
C52,picometre,pm,
C53,newton metre second,N·m·s,
C54,newton metre squared per kilogram squared,N·m²/kg²,
C55,newton per square metre,N/m²,
C56,newton per square millimetre,N/mm²,
C57,newton second,N·s,
C58,newton second per metre,N·s/m,
C59,octave,,A unit used in music to describe the ratio in frequency between notes.
C60,ohm centimetre,Ω·cm,
C61,ohm metre,Ω·m,
C62,one,1,Synonym: unit
C63,parsec,pc,
C64,pascal per kelvin,Pa/K,
C65,pascal second,Pa·s,
C66,pascal second per cubic metre,Pa·s/m³,
C67,pascal second per metre,Pa· s/m,
C68,petajoule,PJ,
C69,phon,,A unit of subjective sound loudness. A sound has loudness p phons if it seems to the listener to be equal in loudness to the sound of a pure tone of frequency 1 kilohertz and strength p decibels.
C7,centipoise,cP,
C70,picoampere,pA,
C71,picocoulomb,pC,
C72,picofarad per metre,pF/m,
C73,picohenry,pH,
C74,kilobit per second,kbit/s,A unit of information equal to 10³ (1000) bits (binary digits) per second.
C75,picowatt,pW,
C76,picowatt per square metre,pW/m²,
C78,pound-force,lbf,
C79,kilovolt ampere hour,kVAh,A unit of accumulated energy of 1000 volt amperes over a period of one hour.
C8,millicoulomb per kilogram,mC/kg,
C80,rad,rad,
C81,radian,rad,
C82,radian square metre per mole,rad·m²/mol,
C83,radian square metre per kilogram,rad·m²/kg,
C84,radian per metre,rad/m,
C85,reciprocal angstrom,Å⁻¹,
C86,reciprocal cubic metre,m⁻³,
C87,reciprocal cubic metre per second,m⁻³/s,Synonym: reciprocal second per cubic metre
C88,reciprocal electron volt per cubic metre,eV⁻¹/m³,
C89,reciprocal henry,H⁻¹,
C9,coil group,,A unit of count defining the number of coil groups (coil group: groups of items arranged by lengths of those items placed in a joined sequence of concentric circles).
C90,reciprocal joule per cubic metre,J⁻¹/m³,
C91,reciprocal kelvin or kelvin to the power minus one,K⁻¹,
C92,reciprocal metre,m⁻¹,
C93,reciprocal square metre,m⁻²,Synonym: reciprocal metre squared
C94,reciprocal minute,min⁻¹,
C95,reciprocal mole,mol⁻¹,
C96,reciprocal pascal or pascal to the power minus one,Pa⁻¹,
C97,reciprocal second,s⁻¹,
C99,reciprocal second per metre squared,s⁻¹/m²,
CCT,carrying capacity in metric ton,,"A unit of mass defining the carrying capacity, expressed as the number of metric tons."
CDL,candela,cd,
CEL,degree Celsius,°C,Refer ISO 80000-5 (Quantities and units — Part 5: Thermodynamics)
CEN,hundred,,A unit of count defining the number of units in multiples of 100.
CG,card,,A unit of count defining the number of units of card (card: thick stiff paper or cardboard).
CGM,centigram,cg,
CKG,coulomb per kilogram,C/kg,
CLF,hundred leave,,"A unit of count defining the number of leaves, expressed in units of one hundred leaves."
CLT,centilitre,cl,
CMK,square centimetre,cm²,
CMQ,cubic centimetre,cm³,
CMT,centimetre,cm,
CNP,hundred pack,,A unit of count defining the number of hundred-packs (hundred-pack: set of one hundred items packaged together).
CNT,cental (UK),,A unit of mass equal to one hundred weight (US).
COU,coulomb,C,
CTG,content gram,,A unit of mass defining the number of grams of a named item in a product.
CTM,metric carat,,
CTN,content ton (metric),,A unit of mass defining the number of metric tons of a named item in a product.
CUR,curie,Ci,
CWA,hundred pound (cwt) / hundred weight (US),cwt (US),
CWI,hundred weight (UK),cwt (UK),
D03,kilowatt hour per hour,kW·h/h,A unit of accumulated energy of a thousand watts over a period of one hour.
D04,lot [unit of weight],,A unit of weight equal to about 1/2 ounce or 15 grams.
D1,reciprocal second per steradian,s⁻¹/sr,
D10,siemens per metre,S/m,
D11,mebibit,Mibit,A unit of information equal to 2²⁰ (1048576) bits (binary digits).
D12,siemens square metre per mole,S·m²/mol,
D13,sievert,Sv,
D15,sone,,A unit of subjective sound loudness. One sone is the loudness of a pure tone of frequency one kilohertz and strength 40 decibels.
D16,square centimetre per erg,cm²/erg,
D17,square centimetre per steradian erg,cm²/(sr·erg),
D18,metre kelvin,m·K,
D19,square metre kelvin per watt,m²·K/W,
D2,reciprocal second per steradian metre squared,s⁻¹/(sr·m²),
D20,square metre per joule,m²/J,
D21,square metre per kilogram,m²/kg,
D22,square metre per mole,m²/mol,
D23,pen gram (protein),,A unit of count defining the number of grams of amino acid prescribed for parenteral/enteral therapy.
D24,square metre per steradian,m²/sr,
D25,square metre per steradian joule,m²/(sr·J),
D26,square metre per volt second,m²/(V·s),
D27,steradian,sr,
D29,terahertz,THz,
D30,terajoule,TJ,
D31,terawatt,TW,
D32,terawatt hour,TW·h,
D33,tesla,T,
D34,tex,tex (g/km),A unit of yarn density. One decitex equals a mass of 1 gram per 1 kilometre of length.
D36,megabit,Mbit,A unit of information equal to 10⁶ (1000000) bits (binary digits).
D41,tonne per cubic metre,t/m³,
D42,tropical year,y (tropical),
D43,unified atomic mass unit,u,
D44,var,var,The name of the unit is an acronym for volt-ampere-reactive.
D45,volt squared per kelvin squared,V²/K²,
D46,volt - ampere,V·A,
D47,volt per centimetre,V/cm,
D48,volt per kelvin,V/K,
D49,millivolt per kelvin,mV/K,
D5,kilogram per square centimetre,kg/cm²,
D50,volt per metre,V/m,
D51,volt per millimetre,V/mm,
D52,watt per kelvin,W/K,
D53,watt per metre kelvin,W/(m·K),
D54,watt per square metre,W/m²,
D55,watt per square metre kelvin,W/(m²·K),
D56,watt per square metre kelvin to the fourth power,W/(m²·K⁴),
D57,watt per steradian,W/sr,
D58,watt per steradian square metre,W/(sr·m²),
D59,weber per metre,Wb/m,
D6,roentgen per second,R/s,
D60,weber per millimetre,Wb/mm,
D61,minute [unit of angle],',
D62,second [unit of angle],"""",
D63,book,,A unit of count defining the number of books (book: set of items bound together or written document of a material whole).
D65,round,,A unit of count defining the number of rounds (round: A circular or cylindrical object).
D68,number of words,,A unit of count defining the number of words.
D69,inch to the fourth power,in⁴,
D73,joule square metre,J·m²,
D74,kilogram per mole,kg/mol,
D77,megacoulomb,MC,
D78,megajoule per second,MJ/s,A unit of accumulated energy equal to one million joules per second.
D80,microwatt,µW,
D81,microtesla,µT,
D82,microvolt,µV,
D83,millinewton metre,mN·m,
D85,microwatt per square metre,µW/m²,
D86,millicoulomb,mC,
D87,millimole per kilogram,mmol/kg,
D88,millicoulomb per cubic metre,mC/m³,
D89,millicoulomb per square metre,mC/m²,
D91,rem,rem,
D93,second per cubic metre,s/m³,
D94,second per cubic metre radian,s/(rad·m³),
D95,joule per gram,J/g,
DAA,decare,daa,
DAD,ten day,,A unit of time defining the number of days in multiples of 10.
DAY,day,d,
DB,dry pound,,"A unit of mass defining the number of pounds of a product, disregarding the water content of the product."
DBM,Decibel-milliwatts,dBm,dBm (sometimes dBmW or decibel-milliwatts) is unit of level used to indicate that a power ratio is expressed in decibels (dB) with reference to one milliwatt (mW).
DBW,Decibel watt,dBW,The decibel watt or dBW is a unit for the measurement of the strength of a signal expressed in decibels relative to one watt.
DD,degree [unit of angle],°,
DEC,decade,,A unit of count defining the number of decades (decade: quantity equal to 10 or time equal to 10 years).
DG,decigram,dg,
DJ,decagram,dag,
DLT,decilitre,dl,
DMA,cubic decametre,dam³,
DMK,square decimetre,dm²,
DMO,standard kilolitre,,"A unit of volume defining the number of kilolitres of a product at a temperature of 15 degrees Celsius, especially in relation to hydrocarbon oils."
DMQ,cubic decimetre,dm³,
DMT,decimetre,dm,
DN,decinewton metre,dN·m,
DPC,dozen piece,,"A unit of count defining the number of pieces in multiples of 12 (piece: a single item, article or exemplar)."
DPR,dozen pair,,A unit of count defining the number of pairs in multiples of 12 (pair: item described by two's).
DPT,displacement tonnage,,"A unit of mass defining the volume of sea water a ship displaces, expressed as the number of tons."
DRA,dram (US),,"Synonym: drachm (UK), troy dram"
DRI,dram (UK),,Synonym: avoirdupois dram
DRL,dozen roll,,"A unit of count defining the number of rolls, expressed in twelve roll units."
DT,dry ton,,"A unit of mass defining the number of tons of a product, disregarding the water content of the product."
DTN,decitonne,dt or dtn,"Synonym: centner, metric 100 kg; quintal, metric 100 kg"
DWT,pennyweight,,
DZN,dozen,DOZ,A unit of count defining the number of units in multiples of 12.
DZP,dozen pack,,A unit of count defining the number of packs in multiples of 12 (pack: standard packaging unit).
E01,newton per square centimetre,N/cm²,A measure of pressure expressed in newtons per square centimetre.
E07,megawatt hour per hour,MW·h/h,A unit of accumulated energy of a million watts over a period of one hour.
E08,megawatt per hertz,MW/Hz,A unit of energy expressed as the load change in million watts that will cause a frequency shift of one hertz.
E09,milliampere hour,mA·h,A unit of power load delivered at the rate of one thousandth of an ampere over a period of one hour.
E10,degree day,deg da,A unit of measure used in meteorology and engineering to measure the demand for heating or cooling over a given period of days.
E12,mille,,A unit of count defining the number of cigarettes in units of 1000.
E14,kilocalorie (international table),kcalIT,A unit of heat energy equal to one thousand calories.
E15,kilocalorie (thermochemical) per hour,kcalth/h,A unit of energy equal to one thousand calories per hour.
E16,million Btu(IT) per hour,BtuIT/h,A unit of power equal to one million British thermal units per hour.
E17,cubic foot per second,ft³/s,A unit of volume equal to one cubic foot passing a given point in a period of one second.
E18,tonne per hour,t/h,A unit of weight or mass equal to one tonne per hour.
E19,ping,,A unit of area equal to 3.3 square metres.
E20,megabit per second,Mbit/s,A unit of information equal to 10⁶ (1000000) bits (binary digits) per second.
E21,shares,,A unit of count defining the number of shares (share: a total or portion of the parts into which a business entity’s capital is divided).
E22,TEU,,A unit of count defining the number of twenty-foot equivalent units (TEUs) as a measure of containerized cargo capacity.
E23,tyre,,"A unit of count defining the number of tyres (a solid or air-filled covering placed around a wheel rim to form a soft contact with the road, absorb shock and provide traction)."
E25,active unit,,A unit of count defining the number of active units within a substance.
E27,dose,,A unit of count defining the number of doses (dose: a definite quantity of a medicine or drug).
E28,air dry ton,,"A unit of mass defining the number of tons of a product, disregarding the water content of the product."
E30,strand,,"A unit of count defining the number of strands (strand: long, thin, flexible, single thread, strip of fibre, constituent filament or multiples of the same, twisted together)."
E31,square metre per litre,m²/l,A unit of count defining the number of square metres per litre.
E32,litre per hour,l/h,A unit of count defining the number of litres per hour.
E33,foot per thousand,,A unit of count defining the number of feet per thousand units.
E34,gigabyte,Gbyte,A unit of information equal to 10⁹ bytes.
E35,terabyte,Tbyte,A unit of information equal to 10¹² bytes.
E36,petabyte,Pbyte,A unit of information equal to 10¹⁵ bytes.
E37,pixel,,A unit of count defining the number of pixels (pixel: picture element).
E38,megapixel,,A unit of count equal to 10⁶ (1000000) pixels (picture elements).
E39,dots per inch,dpi,A unit of information defining the number of dots per linear inch as a measure of the resolution or sharpness of a graphic image.
E4,gross kilogram,,A unit of mass defining the total number of kilograms before deductions.
E40,part per hundred thousand,ppht,A unit of proportion equal to 10⁻⁵.
E41,kilogram-force per square millimetre,kgf/mm²,A unit of pressure defining the number of kilograms force per square millimetre.
E42,kilogram-force per square centimetre,kgf/cm²,A unit of pressure defining the number of kilograms force per square centimetre.
E43,joule per square centimetre,J/cm²,A unit of energy defining the number of joules per square centimetre.
E44,kilogram-force metre per square centimetre,kgf·m/cm²,A unit of torsion defining the torque kilogram-force metre per square centimetre.
E45,milliohm,mΩ,
E46,kilowatt hour per cubic metre,kW·h/m³,A unit of energy consumption expressed as kilowatt hour per cubic metre.
E47,kilowatt hour per kelvin,kW·h/K,A unit of energy consumption expressed as kilowatt hour per kelvin.
E48,service unit,,A unit of count defining the number of service units (service unit: defined period / property / facility / utility of supply).
E49,working day,,A unit of count defining the number of working days (working day: a day on which work is ordinarily performed).
E50,accounting unit,,A unit of count defining the number of accounting units.
E51,job,,A unit of count defining the number of jobs.
E52,run foot,,A unit of count defining the number feet per run.
E53,test,,A unit of count defining the number of tests.
E54,trip,,A unit of count defining the number of trips.
E55,use,,A unit of count defining the number of times an object is used.
E56,well,,A unit of count defining the number of wells.
E57,zone,,A unit of count defining the number of zones.
E58,exabit per second,Ebit/s,A unit of information equal to 10¹⁸ bits (binary digits) per second.
E59,exbibyte,Eibyte,A unit of information equal to 2⁶⁰ bytes.
E60,pebibyte,Pibyte,A unit of information equal to 2⁵⁰ bytes.
E61,tebibyte,Tibyte,A unit of information equal to 2⁴⁰ bytes.
E62,gibibyte,Gibyte,A unit of information equal to 2³⁰ bytes.
E63,mebibyte,Mibyte,A unit of information equal to 2²⁰ bytes.
E64,kibibyte,Kibyte,A unit of information equal to 2¹⁰ bytes.
E65,exbibit per metre,Eibit/m,A unit of information equal to 2⁶⁰ bits (binary digits) per metre.
E66,exbibit per square metre,Eibit/m²,A unit of information equal to 2⁶⁰ bits (binary digits) per square metre.
E67,exbibit per cubic metre,Eibit/m³,A unit of information equal to 2⁶⁰ bits (binary digits) per cubic metre.
E68,gigabyte per second,Gbyte/s,A unit of information equal to 10⁹ bytes per second.
E69,gibibit per metre,Gibit/m,A unit of information equal to 2³⁰ bits (binary digits) per metre.
E70,gibibit per square metre,Gibit/m²,A unit of information equal to 2³⁰ bits (binary digits) per square metre.
E71,gibibit per cubic metre,Gibit/m³,A unit of information equal to 2³⁰ bits (binary digits) per cubic metre.
E72,kibibit per metre,Kibit/m,A unit of information equal to 2¹⁰ bits (binary digits) per metre.
E73,kibibit per square metre,Kibit/m²,A unit of information equal to 2¹⁰ bits (binary digits) per square metre.
E74,kibibit per cubic metre,Kibit/m³,A unit of information equal to 2¹⁰ bits (binary digits) per cubic metre.
E75,mebibit per metre,Mibit/m,A unit of information equal to 2²⁰ bits (binary digits) per metre.
E76,mebibit per square metre,Mibit/m²,A unit of information equal to 2²⁰ bits (binary digits) per square metre.
E77,mebibit per cubic metre,Mibit/m³,A unit of information equal to 2²⁰ bits (binary digits) per cubic metre.
E78,petabit,Pbit,A unit of information equal to 10¹⁵ bits (binary digits).
E79,petabit per second,Pbit/s,A unit of information equal to 10¹⁵ bits (binary digits) per second.
E80,pebibit per metre,Pibit/m,A unit of information equal to 2⁵⁰ bits (binary digits) per metre.
E81,pebibit per square metre,Pibit/m²,A unit of information equal to 2⁵⁰ bits (binary digits) per square metre.
E82,pebibit per cubic metre,Pibit/m³,A unit of information equal to 2⁵⁰ bits (binary digits) per cubic metre.
E83,terabit,Tbit,A unit of information equal to 10¹² bits (binary digits).
E84,terabit per second,Tbit/s,A unit of information equal to 10¹² bits (binary digits) per second.
E85,tebibit per metre,Tibit/m,A unit of information equal to 2⁴⁰ bits (binary digits) per metre.
E86,tebibit per cubic metre,Tibit/m³,A unit of information equal to 2⁴⁰ bits (binary digits) per cubic metre.
E87,tebibit per square metre,Tibit/m²,A unit of information equal to 2⁴⁰ bits (binary digits) per square metre.
E88,bit per metre,bit/m,A unit of information equal to 1 bit (binary digit) per metre.
E89,bit per square metre,bit/m²,A unit of information equal to 1 bit (binary digit) per square metre.
E90,reciprocal centimetre,cm⁻¹,
E91,reciprocal day,d⁻¹,
E92,cubic decimetre per hour,dm³/h,
E93,kilogram per hour,kg/h,
E94,kilomole per second,kmol/s,
E95,mole per second,mol/s,
E96,degree per second,°/s,
E97,millimetre per degree Celcius metre,mm/(°C·m),
E98,degree Celsius per kelvin,°C/K,
E99,hectopascal per bar,hPa/bar,
EA,each,,A unit of count defining the number of items regarded as separate units.
EB,electronic mail box,,A unit of count defining the number of electronic mail boxes.
EQ,equivalent gallon,,A unit of volume defining the number of gallons of product produced from concentrate.
F01,bit per cubic metre,bit/m³,A unit of information equal to 1 bit (binary digit) per cubic metre.
F02,kelvin per kelvin,K/K,
F03,kilopascal per bar,kPa/bar,
F04,millibar per bar,mbar/bar,
F05,megapascal per bar,MPa/bar,
F06,poise per bar,P/bar,
F07,pascal per bar,Pa/bar,
F08,milliampere per inch,mA/in,
F10,kelvin per hour,K/h,
F11,kelvin per minute,K/min,
F12,kelvin per second,K/s,
F13,slug,slug,A unit of mass. One slug is the mass accelerated at 1 foot per second per second by a force of 1 pound.
F14,gram per kelvin,g/K,
F15,kilogram per kelvin,kg/K,
F16,milligram per kelvin,mg/K,
F17,pound-force per foot,lbf/ft,
F18,kilogram square centimetre,kg·cm²,
F19,kilogram square millimetre,kg·mm²,
F20,pound inch squared,lb·in²,
F21,pound-force inch,lbf·in,
F22,pound-force foot per ampere,lbf·ft/A,
F23,gram per cubic decimetre,g/dm³,
F24,kilogram per kilomol,kg/kmol,
F25,gram per hertz,g/Hz,
F26,gram per day,g/d,
F27,gram per hour,g/h,
F28,gram per minute,g/min,
F29,gram per second,g/s,
F30,kilogram per day,kg/d,
F31,kilogram per minute,kg/min,
F32,milligram per day,mg/d,
F33,milligram per minute,mg/min,
F34,milligram per second,mg/s,
F35,gram per day kelvin,g/(d·K),
F36,gram per hour kelvin,g/(h·K),
F37,gram per minute kelvin,g/(min·K),
F38,gram per second kelvin,g/(s·K),
F39,kilogram per day kelvin,kg/(d·K),
F40,kilogram per hour kelvin,kg/(h·K),
F41,kilogram per minute kelvin,kg/(min·K),
F42,kilogram per second kelvin,kg/(s·K),
F43,milligram per day kelvin,mg/(d·K),
F44,milligram per hour kelvin,mg/(h·K),
F45,milligram per minute kelvin,mg/(min·K),
F46,milligram per second kelvin,mg/(s·K),
F47,newton per millimetre,N/mm,
F48,pound-force per inch,lbf/in,
F49,rod [unit of distance],rd (US),A unit of distance equal to 5.5 yards (16 feet 6 inches).
F50,micrometre per kelvin,µm/K,
F51,centimetre per kelvin,cm/K,
F52,metre per kelvin,m/K,
F53,millimetre per kelvin,mm/K,
F54,milliohm per metre,mΩ/m,
F55,ohm per mile (statute mile),Ω/mi,
F56,ohm per kilometre,Ω/km,
F57,milliampere per pound-force per square inch,mA/(lbf/in²),
F58,reciprocal bar,1/bar,
F59,milliampere per bar,mA/bar,
F60,degree Celsius per bar,°C/bar,
F61,kelvin per bar,K/bar,
F62,gram per day bar,g/(d·bar),
F63,gram per hour bar,g/(h·bar),
F64,gram per minute bar,g/(min·bar),
F65,gram per second bar,g/(s·bar),
F66,kilogram per day bar,kg/(d·bar),
F67,kilogram per hour bar,kg/(h·bar),
F68,kilogram per minute bar,kg/(min·bar),
F69,kilogram per second bar,kg/(s·bar),
F70,milligram per day bar,mg/(d·bar),
F71,milligram per hour bar,mg/(h·bar),
F72,milligram per minute bar,mg/(min·bar),
F73,milligram per second bar,mg/(s·bar),
F74,gram per bar,g/bar,
F75,milligram per bar,mg/bar,
F76,milliampere per millimetre,mA/mm,
F77,pascal second per kelvin,Pa.s/K,
F78,inch of water,inH₂O,
F79,inch of mercury,inHg,
F80,water horse power,,A unit of power defining the amount of power required to move a given volume of water against acceleration of gravity to a specified elevation (pressure head).
F81,bar per kelvin,bar/K,
F82,hectopascal per kelvin,hPa/K,
F83,kilopascal per kelvin,kPa/K,
F84,millibar per kelvin,mbar/K,
F85,megapascal per kelvin,MPa/K,
F86,poise per kelvin,P/K,
F87,volt per litre minute,V/(l·min),
F88,newton centimetre,N·cm,
F89,newton metre per degree,Nm/°,
F90,newton metre per ampere,N·m/A,
F91,bar litre per second,bar·l/s,
F92,bar cubic metre per second,bar·m³/s,
F93,hectopascal litre per second,hPa·l/s,
F94,hectopascal cubic metre per second,hPa·m³/s,
F95,millibar litre per second,mbar·l/s,
F96,millibar cubic metre per second,mbar·m³/s,
F97,megapascal litre per second,MPa·l/s,
F98,megapascal cubic metre per second,MPa·m³/s,
F99,pascal litre per second,Pa·l/s,
FAH,degree Fahrenheit,°F,Refer ISO 80000-5 (Quantities and units — Part 5: Thermodynamics)
FAR,farad,F,
FBM,fibre metre,,A unit of length defining the number of metres of individual fibre.
FC,thousand cubic foot,kft³,A unit of volume equal to one thousand cubic foot.
FF,hundred cubic metre,,A unit of volume equal to one hundred cubic metres.
FH,micromole,µmol,
FIT,failures in time,FIT,A unit of count defining the number of failures that can be expected over a specified time interval. Failure rates of semiconductor components are often specified as FIT (failures in time unit) where 1 FIT = 10⁻⁹ /h.
FL,flake ton,,A unit of mass defining the number of tons of a flaked substance (flake: a small flattish fragment).
FNU,Formazin nephelometric unit,FNU,Formazin nephelometric unit (FNU) is used for water turbidity level evaluation
FOT,foot,ft,
FP,pound per square foot,lb/ft²,
FR,foot per minute,ft/min,
FS,foot per second,ft/s,
FTK,square foot,ft²,
FTQ,cubic foot,ft³,
G01,pascal cubic metre per second,Pa·m³/s,
G04,centimetre per bar,cm/bar,
G05,metre per bar,m/bar,
G06,millimetre per bar,mm/bar,
G08,square inch per second,in²/s,
G09,square metre per second kelvin,m²/(s·K),
G10,stokes per kelvin,St/K,
G11,gram per cubic centimetre bar,g/(cm³·bar),
G12,gram per cubic decimetre bar,g/(dm³·bar),
G13,gram per litre bar,g/(l·bar),
G14,gram per cubic metre bar,g/(m³·bar),
G15,gram per millilitre bar,g/(ml·bar),
G16,kilogram per cubic centimetre bar,kg/(cm³·bar),
G17,kilogram per litre bar,kg/(l·bar),
G18,kilogram per cubic metre bar,kg/(m³·bar),
G19,newton metre per kilogram,N·m/kg,
G2,US gallon per minute,gal (US) /min,
G20,pound-force foot per pound,lbf·ft/lb,
G21,cup [unit of volume],cup (US),
G23,peck,pk (US),
G24,tablespoon (US),tablespoon (US),
G25,teaspoon (US),teaspoon (US),
G26,stere,st,
G27,cubic centimetre per kelvin,cm³/K,
G28,litre per kelvin,l/K,
G29,cubic metre per kelvin,m³/K,
G3,Imperial gallon per minute,gal (UK) /min,
G30,millilitre per kelvin,ml/K,
G31,kilogram per cubic centimetre,kg/cm³,
G32,ounce (avoirdupois) per cubic yard,oz/yd³,
G33,gram per cubic centimetre kelvin,g/(cm³·K),
G34,gram per cubic decimetre kelvin,g/(dm³·K),
G35,gram per litre kelvin,g/(l·K),
G36,gram per cubic metre kelvin,g/(m³·K),
G37,gram per millilitre kelvin,g/(ml·K),
G38,kilogram per cubic centimetre kelvin,kg/(cm³·K),
G39,kilogram per litre kelvin,kg/(l·K),
G40,kilogram per cubic metre kelvin,kg/(m³·K),
G41,square metre per second bar,m²/(s·bar),
G42,microsiemens per centimetre,µS/cm,
G43,microsiemens per metre,µS/m,
G44,nanosiemens per centimetre,nS/cm,
G45,nanosiemens per metre,nS/m,
G46,stokes per bar,St/bar,
G47,cubic centimetre per day,cm³/d,
G48,cubic centimetre per hour,cm³/h,
G49,cubic centimetre per minute,cm³/min,
G50,gallon (US) per hour,gal/h,
G51,litre per second,l/s,
G52,cubic metre per day,m³/d,
G53,cubic metre per minute,m³/min,
G54,millilitre per day,ml/d,
G55,millilitre per hour,ml/h,
G56,cubic inch per hour,in³/h,
G57,cubic inch per minute,in³/min,
G58,cubic inch per second,in³/s,
G59,milliampere per litre minute,mA/(l·min),
G60,volt per bar,V/bar,
G61,cubic centimetre per day kelvin,cm³/(d·K),
G62,cubic centimetre per hour kelvin,cm³/(h·K),
G63,cubic centimetre per minute kelvin,cm³/(min·K),
G64,cubic centimetre per second kelvin,cm³/(s·K),
G65,litre per day kelvin,l/(d·K),
G66,litre per hour kelvin,l/(h·K),
G67,litre per minute kelvin,l/(min·K),
G68,litre per second kelvin,l/(s·K),
G69,cubic metre per day kelvin,m³/(d·K),
G70,cubic metre per hour kelvin,m³/(h·K),
G71,cubic metre per minute kelvin,m³/(min·K),
G72,cubic metre per second kelvin,m³/(s·K),
G73,millilitre per day kelvin,ml/(d·K),
G74,millilitre per hour kelvin,ml/(h·K),
G75,millilitre per minute kelvin,ml/(min·K),
G76,millilitre per second kelvin,ml/(s·K),
G77,millimetre to the fourth power,mm⁴,
G78,cubic centimetre per day bar,cm³/(d·bar),
G79,cubic centimetre per hour bar,cm³/(h·bar),
G80,cubic centimetre per minute bar,cm³/(min·bar),
G81,cubic centimetre per second bar,cm³/(s·bar),
G82,litre per day bar,l/(d·bar),
G83,litre per hour bar,l/(h·bar),
G84,litre per minute bar,l/(min·bar),
G85,litre per second bar,l/(s·bar),
G86,cubic metre per day bar,m³/(d·bar),
G87,cubic metre per hour bar,m³/(h·bar),
G88,cubic metre per minute bar,m³/(min·bar),
G89,cubic metre per second bar,m³/(s·bar),
G90,millilitre per day bar,ml/(d·bar),
G91,millilitre per hour bar,ml/(h·bar),
G92,millilitre per minute bar,ml/(min·bar),
G93,millilitre per second bar,ml/(s·bar),
G94,cubic centimetre per bar,cm³/bar,
G95,litre per bar,l/bar,
G96,cubic metre per bar,m³/bar,
G97,millilitre per bar,ml/bar,
G98,microhenry per kiloohm,µH/kΩ,
G99,microhenry per ohm,µH/Ω,
GB,gallon (US) per day,gal (US)/d,
GBQ,gigabecquerel,GBq,
GDW,"gram, dry weight",,"A unit of mass defining the number of grams of a product, disregarding the water content of the product."
GE,pound per gallon (US),lb/gal (US),
GF,gram per metre (gram per 100 centimetres),g/m,
GFI,gram of fissile isotope,gi F/S,A unit of mass defining the number of grams of a fissile isotope (fissile isotope: an isotope whose nucleus is able to be split when irradiated with low energy neutrons).
GGR,great gross,,A unit of count defining the number of units in multiples of 1728 (12 x 12 x 12).
GIA,gill (US),gi (US),
GIC,"gram, including container",,"A unit of mass defining the number of grams of a product, including its container."
GII,gill (UK),gi (UK),
GIP,"gram, including inner packaging",,"A unit of mass defining the number of grams of a product, including its inner packaging materials."
GJ,gram per millilitre,g/ml,
GL,gram per litre,g/l,
GLD,dry gallon (US),dry gal (US),
GLI,gallon (UK),gal (UK),
GLL,gallon (US),gal (US),
GM,gram per square metre,g/m²,
GO,milligram per square metre,mg/m²,
GP,milligram per cubic metre,mg/m³,
GQ,microgram per cubic metre,µg/m³,
GRM,gram,g,
GRN,grain,gr,
GRO,gross,gr,A unit of count defining the number of units in multiples of 144 (12 x 12).
GV,gigajoule,GJ,
GWH,gigawatt hour,GW·h,
H03,henry per kiloohm,H/kΩ,
H04,henry per ohm,H/Ω,
H05,millihenry per kiloohm,mH/kΩ,
H06,millihenry per ohm,mH/Ω,
H07,pascal second per bar,Pa·s/bar,
H08,microbecquerel,µBq,
H09,reciprocal year,1/y,
H10,reciprocal hour,1/h,
H11,reciprocal month,1/mo,
H12,degree Celsius per hour,°C/h,
H13,degree Celsius per minute,°C/min,
H14,degree Celsius per second,°C/s,
H15,square centimetre per gram,cm²/g,
H16,square decametre,dam²,Synonym: are
H18,square hectometre,hm²,Synonym: hectare
H19,cubic hectometre,hm³,
H20,cubic kilometre,km³,
H21,blank,,A unit of count defining the number of blanks.
H22,volt square inch per pound-force,V/(lbf/in²),
H23,volt per inch,V/in,
H24,volt per microsecond,V/µs,
H25,percent per kelvin,%/K,"A unit of proportion, equal to 0.01, in relation to the SI base unit Kelvin."
H26,ohm per metre,Ω/m,
H27,degree per metre,°/m,
H28,microfarad per kilometre,µF/km,
H29,microgram per litre,µg/l,
H30,square micrometre (square micron),µm²,
H31,ampere per kilogram,A/kg,
H32,ampere squared second,A²·s,
H33,farad per kilometre,F/km,
H34,hertz metre,Hz·m,
H35,kelvin metre per watt,K·m/W,
H36,megaohm per kilometre,MΩ/km,
H37,megaohm per metre,MΩ/m,
H38,megaampere,MA,
H39,megahertz kilometre,MHz·km,
H40,newton per ampere,N/A,
H41,"newton metre watt to the power minus 0,5",N·m·W⁻⁰‧⁵,
H42,pascal per metre,Pa/m,
H43,siemens per centimetre,S/cm,
H44,teraohm,TΩ,
H45,volt second per metre,V·s/m,
H46,volt per second,V/s,
H47,watt per cubic metre,W/m³,
H48,attofarad,aF,
H49,centimetre per hour,cm/h,
H50,reciprocal cubic centimetre,cm⁻³,
H51,decibel per kilometre,dB/km,
H52,decibel per metre,dB/m,
H53,kilogram per bar,kg/bar,
H54,kilogram per cubic decimetre kelvin,(kg/dm³)/K,
H55,kilogram per cubic decimetre bar,(kg/dm³)/bar,
H56,kilogram per square metre second,kg/(m²·s),
H57,inch per two pi radiant,in/revolution,
H58,metre per volt second,m/(V·s),
H59,square metre per newton,m²/N,
H60,cubic metre per cubic metre,m³/m³,
H61,millisiemens per centimetre,mS/cm,
H62,millivolt per minute,mV/min,
H63,milligram per square centimetre,mg/cm²,
H64,milligram per gram,mg/g,
H65,millilitre per cubic metre,ml/m³,
H66,millimetre per year,mm/y,
H67,millimetre per hour,mm/h,
H68,millimole per gram,mmol/g,
H69,picopascal per kilometre,pPa/km,
H70,picosecond,ps,
H71,percent per month,%/mo,"A unit of proportion, equal to 0.01, in relation to a month."
H72,percent per hectobar,%/hbar,"A unit of proportion, equal to 0.01, in relation to 100-fold of the unit bar."
H73,percent per decakelvin,%/daK,"A unit of proportion, equal to 0.01, in relation to 10-fold of the SI base unit Kelvin."
H74,watt per metre,W/m,
H75,decapascal,daPa,
H76,gram per millimetre,g/mm,
H77,module width,MW,A unit of measure used to describe the breadth of electronic assemblies as an installation standard or mounting dimension.
H79,French gauge,Fg,"A unit of distance used for measuring the diameter of small tubes such as urological instruments and catheters.,Synonym: French, Charrière, Charrière gauge"
H80,rack unit,U or RU,A unit of measure used to describe the height in rack units of equipment intended for mounting in a 19-inch rack or a 23-inch rack. One rack unit is 1.75 inches (44.45 mm) high.
H81,millimetre per minute,mm/min,
H82,big point,bp,A unit of length defining the number of big points (big point: Adobe software(US) defines the big point to be exactly 1/72 inch (0.013 888 9 inch or 0.352 777 8 millimeters))
H83,litre per kilogram,l/kg,
H84,gram millimetre,g·mm,
H85,reciprocal week,1/wk,
H87,piece,,"A unit of count defining the number of pieces (piece: a single item, article or exemplar)."
H88,megaohm kilometre,MΩ·km,
H89,percent per ohm,%/Ω,"A unit of proportion, equal to 0.01, in relation to the SI derived unit ohm."
H90,percent per degree,%/°,"A unit of proportion, equal to 0.01, in relation to an angle of one degree."
H91,percent per ten thousand,%/10000,"A unit of proportion, equal to 0.01, in relation to multiples of ten thousand."
H92,percent per one hundred thousand,%/100000,"A unit of proportion, equal to 0.01, in relation to multiples of one hundred thousand."
H93,percent per hundred,%/100,"A unit of proportion, equal to 0.01, in relation to multiples of one hundred."
H94,percent per thousand,%/1000,"A unit of proportion, equal to 0.01, in relation to multiples of one thousand."
H95,percent per volt,%/V,"A unit of proportion, equal to 0.01, in relation to the SI derived unit volt."
H96,percent per bar,%/bar,"A unit of proportion, equal to 0.01, in relation to an atmospheric pressure of one bar."
H98,percent per inch,%/in,"A unit of proportion, equal to 0.01, in relation to an inch."
H99,percent per metre,%/m,"A unit of proportion, equal to 0.01, in relation to a metre."
HA,hank,,"A unit of length, typically for yarn."
HAD,Piece Day,piece·d,Unit for measuring the item amount and time as required by DIN 18451
HBA,hectobar,hbar,
HBX,hundred boxes,,A unit of count defining the number of boxes in multiples of one hundred box units.
HC,hundred count,,A unit of count defining the number of units counted in multiples of 100.
HDW,"hundred kilogram, dry weight",,"A unit of mass defining the number of hundred kilograms of a product, disregarding the water content of the product."
HEA,head,,A unit of count defining the number of heads (head: a person or animal considered as one of a number).
HGM,hectogram,hg,
HH,hundred cubic foot,,A unit of volume equal to one hundred cubic foot.
HIU,hundred international unit,,A unit of count defining the number of international units in multiples of 100.
HKM,"hundred kilogram, net mass",,"A unit of mass defining the number of hundred kilograms of a product, after deductions."
HLT,hectolitre,hl,
HM,mile per hour (statute mile),mile/h,
HMO,Piece Month,piece·mo,Unit for measuring the item amount and time as required by DIN 18451
HMQ,million cubic metre,Mm³,A unit of volume equal to one million cubic metres.
HMT,hectometre,hm,
HPA,hectolitre of pure alcohol,,A unit of volume equal to one hundred litres of pure alcohol.
HTZ,hertz,Hz,
HUR,hour,h,
HWE,Piece Week,piece·k,Unit for measuring the item amount and time as required by DIN 18451
IA,inch pound (pound inch),in·lb,
IE,person,,A unit of count defining the number of persons.
INH,inch,in,
INK,square inch,in²,
INQ,cubic inch,in³,Synonym: inch cubed
ISD,international sugar degree,,"A unit of measure defining the sugar content of a solution, expressed in degrees."
IU,inch per second,in/s,
IUG,international unit per gram,,A unit of count defining the number of international units per gram.
IV,inch per second squared,in/s²,
J10,percent per millimetre,%/mm,"A unit of proportion, equal to 0.01, in relation to a millimetre."
J12,per mille per psi,‰/psi,A unit of pressure equal to one thousandth of a psi (pound-force per square inch).
J13,degree API,°API,A unit of relative density as a measure of how heavy or light a petroleum liquid is compared to water (API: American Petroleum Institute).
J14,degree Baume (origin scale),°Bé,A traditional unit of relative density for liquids. Named after Antoine Baumé.
J15,degree Baume (US heavy),°Bé (US heavy),A unit of relative density for liquids heavier than water.
J16,degree Baume (US light),°Bé (US light),A unit of relative density for liquids lighter than water.
J17,degree Balling,°Balling,"A unit of density as a measure of sugar content, especially of beer wort. Named after Karl Balling."
J18,degree Brix,°Bx,A unit of proportion used in measuring the dissolved sugar-to-water mass ratio of a liquid. Named after Adolf Brix.
J19,degree Fahrenheit hour square foot per British thermal unit (thermochemical),°F·h·ft²/Btuth,
J2,joule per kilogram,J/kg,
J20,degree Fahrenheit per kelvin,°F/K,
J21,degree Fahrenheit per bar,°F/bar,
J22,degree Fahrenheit hour square foot per British thermal unit (international table),°F·h·ft²/BtuIT,
J23,degree Fahrenheit per hour,°F/h,
J24,degree Fahrenheit per minute,°F/min,
J25,degree Fahrenheit per second,°F/s,
J26,reciprocal degree Fahrenheit,1/°F,
J27,degree Oechsle,°Oechsle,"A unit of density as a measure of sugar content of must, the unfermented liqueur from which wine is made. Named after Ferdinand Oechsle."
J28,degree Rankine per hour,°R/h,
J29,degree Rankine per minute,°R/min,
J30,degree Rankine per second,°R/s,
J31,degree Twaddell,°Tw,A unit of density for liquids that are heavier than water.  1 degree Twaddle represents a difference in specific gravity of 0.005.
J32,micropoise,µP,
J33,microgram per kilogram,µg/kg,
J34,microgram per cubic metre kelvin,(µg/m³)/K,
J35,microgram per cubic metre bar,(µg/m³)/bar,
J36,microlitre per litre,µl/l,
J38,baud,Bd,A unit of signal transmission speed equal to one signalling event per second.
J39,British thermal unit (mean),Btu,
J40,British thermal unit (international table) foot per hour square foot degree Fahrenheit,BtuIT·ft/(h·ft²·°F),
J41,British thermal unit (international table) inch per hour square foot degree Fahrenheit,BtuIT·in/(h·ft²·°F),
J42,British thermal unit (international table) inch per second square foot degree Fahrenheit,BtuIT·in/(s·ft²·°F),
J43,British thermal unit (international table) per pound degree Fahrenheit,BtuIT/(lb·°F),
J44,British thermal unit (international table) per minute,BtuIT/min,
J45,British thermal unit (international table) per second,BtuIT/s,
J46,British thermal unit (thermochemical) foot per hour square foot degree Fahrenheit,Btuth·ft/(h·ft²·°F),
J47,British thermal unit (thermochemical) per hour,Btuth/h,
J48,British thermal unit (thermochemical) inch per hour square foot degree Fahrenheit,Btuth·in/(h·ft²·°F),
J49,British thermal unit (thermochemical) inch per second square foot degree Fahrenheit,Btuth·in/(s·ft²·°F),
J50,British thermal unit (thermochemical) per pound degree Fahrenheit,Btuth/(lb·°F),
J51,British thermal unit (thermochemical) per minute,Btuth/min,
J52,British thermal unit (thermochemical) per second,Btuth/s,
J53,coulomb square metre per kilogram,C·m²/kg,
J54,megabaud,MBd,A unit of signal transmission speed equal to 10⁶ (1000000) signaling events per second.
J55,watt second,W·s,
J56,bar per bar,bar/bar,
J57,barrel (UK petroleum),bbl (UK liq.),
J58,barrel (UK petroleum) per minute,bbl (UK liq.)/min,
J59,barrel (UK petroleum) per day,bbl (UK liq.)/d,
J60,barrel (UK petroleum) per hour,bbl (UK liq.)/h,
J61,barrel (UK petroleum) per second,bbl (UK liq.)/s,
J62,barrel (US petroleum) per hour,bbl (US)/h,
J63,barrel (US petroleum) per second,bbl (US)/s,
J64,bushel (UK) per day,bu (UK)/d,
J65,bushel (UK) per hour,bu (UK)/h,
J66,bushel (UK) per minute,bu (UK)/min,
J67,bushel (UK) per second,bu (UK)/s,
J68,bushel (US dry) per day,bu (US dry)/d,
J69,bushel (US dry) per hour,bu (US dry)/h,
J70,bushel (US dry) per minute,bu (US dry)/min,
J71,bushel (US dry) per second,bu (US dry)/s,
J72,centinewton metre,cN·m,
J73,centipoise per kelvin,cP/K,
J74,centipoise per bar,cP/bar,
J75,calorie (mean),cal,
J76,calorie (international table) per gram degree Celsius,calIT/(g·°C),
J78,calorie (thermochemical) per centimetre second degree Celsius,calth/(cm·s·°C),
J79,calorie (thermochemical) per gram degree Celsius,calth/(g·°C),
J81,calorie (thermochemical) per minute,calth/min,
J82,calorie (thermochemical) per second,calth/s,
J83,clo,clo,
J84,centimetre per second kelvin,(cm/s)/K,
J85,centimetre per second bar,(cm/s)/bar,
J87,cubic centimetre per cubic metre,cm³/m³,
J90,cubic decimetre per day,dm³/d,
J91,cubic decimetre per cubic metre,dm³/m³,
J92,cubic decimetre per minute,dm³/min,
J93,cubic decimetre per second,dm³/s,
J95,ounce (UK fluid) per day,fl oz (UK)/d,
J96,ounce (UK fluid) per hour,fl oz (UK)/h,
J97,ounce (UK fluid) per minute,fl oz (UK)/min,
J98,ounce (UK fluid) per second,fl oz (UK)/s,
J99,ounce (US fluid) per day,fl oz (US)/d,
JE,joule per kelvin,J/K,
JK,megajoule per kilogram,MJ/kg,
JM,megajoule per cubic metre,MJ/m³,
JNT,pipeline joint,,A count of the number of pipeline joints.
JOU,joule,J,
JPS,hundred metre,,A unit of count defining the number of 100 metre lengths.
JWL,number of jewels,,A unit of count defining the number of jewels (jewel: precious stone).
K1,kilowatt demand,,A unit of measure defining the power load measured at predetermined intervals.
K10,ounce (US fluid) per hour,fl oz (US)/h,
K11,ounce (US fluid) per minute,fl oz (US)/min,
K12,ounce (US fluid) per second,fl oz (US)/s,
K13,foot per degree Fahrenheit,ft/°F,
K14,foot per hour,ft/h,
K15,foot pound-force per hour,ft·lbf/h,
K16,foot pound-force per minute,ft·lbf/min,
K17,foot per psi,ft/psi,
K18,foot per second degree Fahrenheit,(ft/s)/°F,
K19,foot per second psi,(ft/s)/psi,
K2,kilovolt ampere reactive demand,,A unit of measure defining the reactive power demand equal to one kilovolt ampere of reactive power.
K20,reciprocal cubic foot,1/ft³,
K21,cubic foot per degree Fahrenheit,ft³/°F,
K22,cubic foot per day,ft³/d,
K23,cubic foot per psi,ft³/psi,
K26,gallon (UK) per day,gal (UK)/d,
K27,gallon (UK) per hour,gal (UK)/h,
K28,gallon (UK) per second,gal (UK)/s,
K3,kilovolt ampere reactive hour,kvar·h,A unit of measure defining the accumulated reactive energy equal to one kilovolt ampere of reactive power per hour.
K30,gallon (US liquid) per second,gal (US liq.)/s,
K31,gram-force per square centimetre,gf/cm²,
K32,gill (UK) per day,gi (UK)/d,
K33,gill (UK) per hour,gi (UK)/h,
K34,gill (UK) per minute,gi (UK)/min,
K35,gill (UK) per second,gi (UK)/s,
K36,gill (US) per day,gi (US)/d,
K37,gill (US) per hour,gi (US)/h,
K38,gill (US) per minute,gi (US)/min,
K39,gill (US) per second,gi (US)/s,
K40,standard acceleration of free fall,gn,
K41,grain per gallon (US),gr/gal (US),
K42,horsepower (boiler),boiler hp,
K43,horsepower (electric),electric hp,
K45,inch per degree Fahrenheit,in/°F,
K46,inch per psi,in/psi,
K47,inch per second degree Fahrenheit,(in/s)/°F,
K48,inch per second psi,(in/s)/psi,
K49,reciprocal cubic inch,1/in³,
K50,kilobaud,kBd,A unit of signal transmission speed equal to 10³ (1000) signaling events per second.
K51,kilocalorie (mean),kcal,
K52,kilocalorie (international table) per hour metre degree Celsius,kcal/(m·h·°C),
K53,kilocalorie (thermochemical),kcalth,
K54,kilocalorie (thermochemical) per minute,kcalth/min,
K55,kilocalorie (thermochemical) per second,kcalth/s,
K58,kilomole per hour,kmol/h,
K59,kilomole per cubic metre kelvin,(kmol/m³)/K,
K6,kilolitre,kl,
K60,kilomole per cubic metre bar,(kmol/m³)/bar,
K61,kilomole per minute,kmol/min,
K62,litre per litre,l/l,
K63,reciprocal litre,1/l,
K64,pound (avoirdupois) per degree Fahrenheit,lb/°F,
K65,pound (avoirdupois) square foot,lb·ft²,
K66,pound (avoirdupois) per day,lb/d,
K67,pound per foot hour,lb/(ft·h),
K68,pound per foot second,lb/(ft·s),
K69,pound (avoirdupois) per cubic foot degree Fahrenheit,(lb/ft³)/°F,
K70,pound (avoirdupois) per cubic foot psi,(lb/ft³)/psi,
K71,pound (avoirdupois) per gallon (UK),lb/gal (UK),
K73,pound (avoirdupois) per hour degree Fahrenheit,(lb/h)/°F,
K74,pound (avoirdupois) per hour psi,(lb/h)/psi,
K75,pound (avoirdupois) per cubic inch degree Fahrenheit,(lb/in³)/°F,
K76,pound (avoirdupois) per cubic inch psi,(lb/in³)/psi,
K77,pound (avoirdupois) per psi,lb/psi,
K78,pound (avoirdupois) per minute,lb/min,
K79,pound (avoirdupois) per minute degree Fahrenheit,lb/(min·°F),
K80,pound (avoirdupois) per minute psi,(lb/min)/psi,
K81,pound (avoirdupois) per second,lb/s,
K82,pound (avoirdupois) per second degree Fahrenheit,(lb/s)/°F,
K83,pound (avoirdupois) per second psi,(lb/s)/psi,
K84,pound per cubic yard,lb/yd³,
K85,pound-force per square foot,lbf/ft²,
K86,pound-force per square inch degree Fahrenheit,psi/°F,
K87,psi cubic inch per second,psi·in³/s,
K88,psi litre per second,psi·l/s,
K89,psi cubic metre per second,psi·m³/s,
K90,psi cubic yard per second,psi·yd³/s,
K91,pound-force second per square foot,lbf·s/ft²,
K92,pound-force second per square inch,lbf·s/in²,
K93,reciprocal psi,1/psi,
K94,quart (UK liquid) per day,qt (UK liq.)/d,
K95,quart (UK liquid) per hour,qt (UK liq.)/h,
K96,quart (UK liquid) per minute,qt (UK liq.)/min,
K97,quart (UK liquid) per second,qt (UK liq.)/s,
K98,quart (US liquid) per day,qt (US liq.)/d,
K99,quart (US liquid) per hour,qt (US liq.)/h,
KA,cake,,"A unit of count defining the number of cakes (cake: object shaped into a flat, compact mass)."
KAT,katal,kat,A unit of catalytic activity defining the catalytic activity of enzymes and other catalysts.
KB,kilocharacter,,A unit of information equal to 10³ (1000) characters.
KBA,kilobar,kbar,
KCC,kilogram of choline chloride,kg C₅ H₁₄ClNO,A unit of mass equal to one thousand grams of choline chloride.
KDW,kilogram drained net weight,kg/net eda,"A unit of mass defining the net number of kilograms of a product, disregarding the liquid content of the product."
KEL,kelvin,K,Refer ISO 80000-5 (Quantities and units — Part 5: Thermodynamics)
KGM,kilogram,kg,A unit of mass equal to one thousand grams.
KGS,kilogram per second,kg/s,
KHY,kilogram of hydrogen peroxide,kg H₂O₂,A unit of mass equal to one thousand grams of hydrogen peroxide.
KHZ,kilohertz,kHz,
KI,kilogram per millimetre width,,
KIC,"kilogram, including container",,"A unit of mass defining the number of kilograms of a product, including its container."
KIP,"kilogram, including inner packaging",,"A unit of mass defining the number of kilograms of a product, including its inner packaging materials."
KJ,kilosegment,,A unit of information equal to 10³ (1000) segments.
KJO,kilojoule,kJ,
KL,kilogram per metre,kg/m,
KLK,lactic dry material percentage,,A unit of proportion defining the percentage of dry lactic material in a product.
KLX,kilolux,klx,A unit of illuminance equal to one thousand lux.
KMA,kilogram of methylamine,kg met.am.,A unit of mass equal to one thousand grams of methylamine.
KMH,kilometre per hour,km/h,
KMK,square kilometre,km²,
KMQ,kilogram per cubic metre,kg/m³,A unit of weight expressed in kilograms of a substance that fills a volume of one cubic metre.
KMT,kilometre,km,
KNI,kilogram of nitrogen,kg N,A unit of mass equal to one thousand grams of nitrogen.
KNM,kilonewton per square metre,kN/m2,Pressure expressed in kN/m2.
KNS,kilogram named substance,,A unit of mass equal to one kilogram of a named substance.
KNT,knot,kn,
KO,milliequivalence caustic potash per gram of product,,A unit of count defining the number of milligrams of potassium hydroxide per gram of product as a measure of the concentration of potassium hydroxide in the product.
KPA,kilopascal,kPa,
KPH,kilogram of potassium hydroxide (caustic potash),kg KOH,A unit of mass equal to one thousand grams of potassium hydroxide (caustic potash).
KPO,kilogram of potassium oxide,kg K₂O,A unit of mass equal to one thousand grams of potassium oxide.
KPP,kilogram of phosphorus pentoxide (phosphoric anhydride),,A unit of mass equal to one thousand grams of phosphorus pentoxide phosphoric anhydride.
KR,kiloroentgen,kR,
KSD,kilogram of substance 90 % dry,kg 90 % sdt,A unit of mass equal to one thousand grams of a named substance that is 90% dry.
KSH,kilogram of sodium hydroxide (caustic soda),kg NaOH,A unit of mass equal to one thousand grams of sodium hydroxide (caustic soda).
KT,kit,,"A unit of count defining the number of kits (kit: tub, barrel or pail)."
KTN,kilotonne,kt,
KUR,kilogram of uranium,kg U,A unit of mass equal to one thousand grams of uranium.
KVA,kilovolt - ampere,kV·A,
KVR,kilovar,kvar,
KVT,kilovolt,kV,
KW,kilogram per millimetre,kg/mm,
KWH,kilowatt hour,kW·h,
KWN,Kilowatt hour per normalized cubic metre,,Kilowatt hour per normalized cubic metre (temperature 0°C and pressure 1013.25 millibars ).
KWO,kilogram of tungsten trioxide,kg WO₃,A unit of mass equal to one thousand grams of tungsten trioxide.
KWS,Kilowatt hour per standard cubic metre,,Kilowatt hour per standard cubic metre (temperature 15°C and pressure 1013.25 millibars).
KWT,kilowatt,kW,
KWY,kilowatt year,kW/year,killowatt year
KX,millilitre per kilogram,ml/kg,
L10,quart (US liquid) per minute,qt (US liq.)/min,
L11,quart (US liquid) per second,qt (US liq.)/s,
L12,metre per second kelvin,(m/s)/K,
L13,metre per second bar,(m/s)/bar,
L14,square metre hour degree Celsius per kilocalorie (international table),m²·h·°C/kcal,
L15,millipascal second per kelvin,mPa·s/K,
L16,millipascal second per bar,mPa·s/bar,
L17,milligram per cubic metre kelvin,(mg/m³)/K,
L18,milligram per cubic metre bar,(mg/m³)/bar,
L19,millilitre per litre,ml/l,
L2,litre per minute,l/min,
L20,reciprocal cubic millimetre,1/mm³,
L21,cubic millimetre per cubic metre,mm³/m³,
L23,mole per hour,mol/h,
L24,mole per kilogram kelvin,(mol/kg)/K,
L25,mole per kilogram bar,(mol/kg)/bar,
L26,mole per litre kelvin,(mol/l)/K,
L27,mole per litre bar,(mol/l)/bar,
L28,mole per cubic metre kelvin,(mol/m³)/K,
L29,mole per cubic metre bar,(mol/m³)/bar,
L30,mole per minute,mol/min,
L31,milliroentgen aequivalent men,mrem,
L32,nanogram per kilogram,ng/kg,
L33,ounce (avoirdupois) per day,oz/d,
L34,ounce (avoirdupois) per hour,oz/h,
L35,ounce (avoirdupois) per minute,oz/min,
L36,ounce (avoirdupois) per second,oz/s,
L37,ounce (avoirdupois) per gallon (UK),oz/gal (UK),
L38,ounce (avoirdupois) per gallon (US),oz/gal (US),
L39,ounce (avoirdupois) per cubic inch,oz/in³,
L40,ounce (avoirdupois)-force,ozf,
L41,ounce (avoirdupois)-force inch,ozf·in,
L42,picosiemens per metre,pS/m,
L43,peck (UK),pk (UK),
L44,peck (UK) per day,pk (UK)/d,
L45,peck (UK) per hour,pk (UK)/h,
L46,peck (UK) per minute,pk (UK)/min,
L47,peck (UK) per second,pk (UK)/s,
L48,peck (US dry) per day,pk (US dry)/d,
L49,peck (US dry) per hour,pk (US dry)/h,
L50,peck (US dry) per minute,pk (US dry)/min,
L51,peck (US dry) per second,pk (US dry)/s,
L52,psi per psi,psi/psi,
L53,pint (UK) per day,pt (UK)/d,
L54,pint (UK) per hour,pt (UK)/h,
L55,pint (UK) per minute,pt (UK)/min,
L56,pint (UK) per second,pt (UK)/s,
L57,pint (US liquid) per day,pt (US liq.)/d,
L58,pint (US liquid) per hour,pt (US liq.)/h,
L59,pint (US liquid) per minute,pt (US liq.)/min,
L60,pint (US liquid) per second,pt (US liq.)/s,
L63,slug per day,slug/d,
L64,slug per foot second,slug/(ft·s),
L65,slug per cubic foot,slug/ft³,
L66,slug per hour,slug/h,
L67,slug per minute,slug/min,
L68,slug per second,slug/s,
L69,tonne per kelvin,t/K,
L70,tonne per bar,t/bar,
L71,tonne per day,t/d,
L72,tonne per day kelvin,(t/d)/K,
L73,tonne per day bar,(t/d)/bar,
L74,tonne per hour kelvin,(t/h)/K,
L75,tonne per hour bar,(t/h)/bar,
L76,tonne per cubic metre kelvin,(t/m³)/K,
L77,tonne per cubic metre bar,(t/m³)/bar,
L78,tonne per minute,t/min,
L79,tonne per minute kelvin,(t/min)/K,
L80,tonne per minute bar,(t/min)/bar,
L81,tonne per second,t/s,
L82,tonne per second kelvin,(t/s)/K,
L83,tonne per second bar,(t/s)/bar,
L84,ton (UK shipping),British shipping ton,
L85,ton long per day,ton (UK)/d,
L86,ton (US shipping),(US) shipping ton,
L87,ton short per degree Fahrenheit,ton (US)/°F,
L88,ton short per day,ton (US)/d,
L89,ton short per hour degree Fahrenheit,ton (US)/(h·°F),
L90,ton short per hour psi,(ton (US)/h)/psi,
L91,ton short per psi,ton (US)/psi,
L92,ton (UK long) per cubic yard,ton.l/yd³ (UK),
L93,ton (US short) per cubic yard,ton.s/yd³ (US),
L94,ton-force (US short),ton.sh-force,
L95,common year,y (365 days),
L96,sidereal year,y (sidereal),
L98,yard per degree Fahrenheit,yd/°F,
L99,yard per psi,yd/psi,
LA,pound per cubic inch,lb/in³,
LAC,lactose excess percentage,,A unit of proportion defining the percentage of lactose in a product that exceeds a defined percentage level.
LBR,pound,lb,
LBT,troy pound (US),,
LD,litre per day,l/d,
LEF,leaf,,A unit of count defining the number of leaves.
LF,linear foot,,A unit of count defining the number of feet (12-inch) in length of a uniform width object.
LH,labour hour,,A unit of time defining the number of labour hours.
LK,link,,A unit of distance equal to 0.01 chain.
LM,linear metre,,A unit of count defining the number of metres in length of a uniform width object.
LN,length,,A unit of distance defining the linear extent of an item measured from end to end.
LO,lot [unit of procurement],,A unit of count defining the number of lots (lot: a collection of associated items).
LP,liquid pound,,A unit of mass defining the number of pounds of a liquid substance.
LPA,litre of pure alcohol,,A unit of volume equal to one litre of pure alcohol.
LR,layer,,A unit of count defining the number of layers.
LS,lump sum,,A unit of count defining the number of whole or a complete monetary amounts.
LTN,ton (UK) or long ton (US),ton (UK),Synonym: gross ton (2240 lb)
LTR,litre,l,
LUB,"metric ton, lubricating oil",,A unit of mass defining the number of metric tons of lubricating oil.
LUM,lumen,lm,
LUX,lux,lx,
LY,linear yard,,A unit of count defining the number of 36-inch units in length of a uniform width object.
M1,milligram per litre,mg/l,
M10,reciprocal cubic yard,1/yd³,
M11,cubic yard per degree Fahrenheit,yd³/°F,
M12,cubic yard per day,yd³/d,
M13,cubic yard per hour,yd³/h,
M14,cubic yard per psi,yd³/psi,
M15,cubic yard per minute,yd³/min,
M16,cubic yard per second,yd³/s,
M17,kilohertz metre,kHz·m,
M18,gigahertz metre,GHz·m,
M19,Beaufort,Bft,"An empirical measure for describing wind speed based mainly on observed sea conditions. The Beaufort scale indicates the wind speed by numbers that typically range from 0 for calm, to 12 for hurricane."
M20,reciprocal megakelvin or megakelvin to the power minus one,1/MK,
M21,reciprocal kilovolt - ampere reciprocal hour,1/kVAh,
M22,millilitre per square centimetre minute,(ml/min)/cm²,
M23,newton per centimetre,N/cm,
M24,ohm kilometre,Ω·km,
M25,percent per degree Celsius,%/°C,"A unit of proportion, equal to 0.01, in relation to a temperature of one degree."
M26,gigaohm per metre,GΩ/m,
M27,megahertz metre,MHz·m,
M29,kilogram per kilogram,kg/kg,
M30,reciprocal volt - ampere reciprocal second,1/(V·A·s),
M31,kilogram per kilometre,kg/km,
M32,pascal second per litre,Pa·s/l,
M33,millimole per litre,mmol/l,
M34,newton metre per square metre,N·m/m²,
M35,millivolt - ampere,mV·A,
M36,30-day month,mo (30 days),"A unit of count defining the number of months expressed in multiples of 30 days, one day equals 24 hours."
M37,actual/360,y (360 days),"A unit of count defining the number of years expressed in multiples of 360 days, one day equals 24 hours."
M38,kilometre per second squared,km/s²,1000-fold of the SI base unit metre divided by the power of the SI base unit second by exponent 2.
M39,centimetre per second squared,cm/s²,"0,01-fold of the SI base unit metre divided by the power of the SI base unit second by exponent 2."
M4,monetary value,,A unit of measure expressed as a monetary amount.
M40,yard per second squared,yd/s²,Unit of the length according to the Anglo-American and Imperial system of units divided by the power of the SI base unit second by exponent 2.
M41,millimetre per second squared,mm/s²,"0,001-fold of the SI base unit metre divided by the power of the SI base unit second by exponent 2."
M42,mile (statute mile) per second squared,mi/s²,Unit of the length according to the Imperial system of units divided by the power of the SI base unit second by exponent 2.
M43,mil,mil,"Unit to indicate an angle at military zone, equal to the 6400th part of the full circle of the 360° or 2·p·rad."
M44,revolution,rev,Unit to identify an angle of the full circle of 360° or 2·p·rad (Refer ISO/TC12 SI Guide).
M45,degree [unit of angle] per second squared,°/s²,360 part of a full circle divided by the power of the SI base unit second and the exponent 2.
M46,revolution per minute,r/min,Unit of the angular velocity.
M47,circular mil,cmil,"Unit of an area, of which the size is given by a diameter of length of 1 mm (0,001 in) based on the formula: area = p·(diameter/2)²."
M48,square mile (based on U.S. survey foot),mi² (US survey),"Unit of the area, which is mainly common in the agriculture and forestry."
M49,chain (based on U.S. survey foot),ch (US survey) ,Unit of the length according the Anglo-American system of units.
M5,microcurie,µCi,
M50,furlong,fur,Unit commonly used in Great Britain at rural distances: 1 furlong = 40 rods = 10 chains (UK) = 1/8 mile = 1/10 furlong = 220 yards = 660 foot.
M51,foot (U.S. survey),ft (US survey) ,"Unit commonly used in the United States for ordnance survey.,"
M52,mile (based on U.S. survey foot),mi (US survey) ,Unit commonly used in the United States for ordnance survey.
M53,metre per pascal,m/Pa,SI base unit metre divided by the derived SI unit pascal.
M55,metre per radiant,m/rad,Unit of the translation factor for implementation from rotation to linear movement.
M56,shake,shake,Unit for a very short period.
M57,mile per minute,mi/min,Unit of velocity from the Imperial system of units.
M58,mile per second,mi/s,Unit of the velocity from the Imperial system of units.
M59,metre per second pascal,(m/s)/Pa,SI base unit meter divided by the product of SI base unit second and the derived SI unit pascal.
M60,metre per hour,m/h,SI base unit metre divided by the unit hour.
M61,inch per year,in/y,Unit of the length according to the Anglo-American and Imperial system of units divided by the unit common year with 365 days.
M62,kilometre per second,km/s,1000-fold of the SI base unit metre divided by the SI base unit second.
M63,inch per minute,in/min,Unit inch according to the Anglo-American and Imperial system of units divided by the unit minute.
M64,yard per second,yd/s,Unit yard according to the Anglo-American and Imperial system of units divided by the SI base unit second.
M65,yard per minute,yd/min,Unit yard according to the Anglo-American and Imperial system of units divided by the unit minute.
M66,yard per hour,yd/h,Unit yard according to the Anglo-American and Imperial system of units divided by the unit hour.
M67,acre-foot (based on U.S. survey foot),acre-ft (US survey),"Unit of the volume, which is used in the United States to measure/gauge the capacity of reservoirs."
M68,cord (128 ft3),cord,Traditional unit of the volume of stacked firewood which has been measured with a cord.
M69,cubic mile (UK statute),mi³,Unit of volume according to the Imperial system of units.
M7,micro-inch,µin,
M70,"ton, register",RT,Traditional unit of the cargo capacity.
M71,cubic metre per pascal,m³/Pa,Power of the SI base unit meter by exponent 3 divided by the derived SI base unit pascal.
M72,bel,B,Logarithmic relationship to base 10.
M73,kilogram per cubic metre pascal,(kg/m³)/Pa,SI base unit kilogram divided by the product of the power of the SI base unit metre with exponent 3 and the derived SI unit pascal.
M74,kilogram per pascal,kg/Pa,SI base unit kilogram divided by the derived SI unit pascal.
M75,kilopound-force,kip,1000-fold of the unit of the force pound-force (lbf) according to the Anglo-American system of units with the relationship.
M76,poundal,pdl,"Non SI-conforming unit of the power, which corresponds to a mass of a pound multiplied with the acceleration of a foot per square second."
M77,kilogram metre per second squared,kg·m/s²,Product of the SI base unit kilogram and the SI base unit metre divided by the power of the SI base unit second by exponent 2.
M78,pond,p,"0,001-fold of the unit of the weight, defined as a mass of 1 kg which finds out about a weight strength from 1 kp by the gravitational force at sea level which corresponds to a strength of 9,806 65 newton."
M79,square foot per hour,ft²/h,Power of the unit foot according to the Anglo-American and Imperial system of units by exponent 2 divided by the unit of time hour.
M80,stokes per pascal,St/Pa,CGS (Centimetre-Gram-Second system) unit stokes divided by the derived SI unit pascal.
M81,square centimetre per second,cm²/s,"0,000 1-fold of the power of the SI base unit metre by exponent 2 divided by the SI base unit second."
M82,square metre per second pascal,(m²/s)/Pa,Power of the SI base unit metre with the exponent 2 divided by the SI base unit second and the derived SI unit pascal.
M83,denier,den,Traditional unit for the indication of the linear mass of textile fibers and yarns.
M84,pound per yard,lb/yd,Unit for linear mass according to avoirdupois system of units.
M85,"ton, assay",,Non SI-conforming unit of the mass used in the mineralogy to determine the concentration of precious metals in ore according to the mass of the precious metal in milligrams in a sample of the mass of an assay sound (number of troy ounces in a short ton (1 000 lb)).
M86,pfund,pfd,Outdated unit of the mass used in Germany.
M87,kilogram per second pascal,(kg/s)/Pa,SI base unit kilogram divided by the product of the SI base unit second and the derived SI unit pascal.
M88,tonne per month,t/mo,Unit tonne divided by the unit month.
M89,tonne per year,t/y,Unit tonne divided by the unit year with 365 days.
M9,million Btu per 1000 cubic foot,MBTU/kft³,
M90,kilopound per hour,klb/h,1000-fold of the unit of the mass avoirdupois pound according to the avoirdupois unit system divided by the unit hour.
M91,pound per pound,lb/lb,Proportion of the mass consisting of the avoirdupois pound according to the avoirdupois unit system divided by the avoirdupois pound according to the avoirdupois unit system.
M92,pound-force foot,lbf·ft,Product of the unit pound-force according to the Anglo-American system of units and the unit foot according to the Anglo-American and the Imperial system of units.
M93,newton metre per radian,N·m/rad,Product of the derived SI unit newton and the SI base unit metre divided by the unit radian.
M94,kilogram metre,kg·m,Unit of imbalance as a product of the SI base unit kilogram and the SI base unit metre.
M95,poundal foot,pdl·ft,Product of the non SI-conforming unit of the force poundal and the unit foot according to the Anglo-American and Imperial system of units .
M96,poundal inch,pdl·in,Product of the non SI-conforming unit of the force poundal and the unit inch according to the Anglo-American and Imperial system of units .
M97,dyne metre,dyn·m,CGS (Centimetre-Gram-Second system) unit of the rotational moment.
M98,kilogram centimetre per second,kg·(cm/s),"Product of the SI base unit kilogram and the 0,01-fold of the SI base unit metre divided by the SI base unit second."
M99,gram centimetre per second,g·(cm/s),"Product of the 0,001-fold of the SI base unit kilogram and the 0,01-fold of the SI base unit metre divided by the SI base unit second."
MAH,megavolt ampere reactive hour,Mvar·h,A unit of electrical reactive power defining the total amount of reactive power across a power system.
MAL,megalitre,Ml,
MAM,megametre,Mm,
MAR,megavar,Mvar,A unit of electrical reactive power represented by a current of one thousand amperes flowing due a potential difference of one thousand volts where the sine of the phase angle between them is 1.
MAW,megawatt,MW,A unit of power defining the rate of energy transferred or consumed when a current of 1000 amperes flows due to a potential of 1000 volts at unity power factor.
MBE,thousand standard brick equivalent,,A unit of count defining the number of one thousand brick equivalent units.
MBF,thousand board foot,,A unit of volume equal to one thousand board foot.
MBR,millibar,mbar,
MC,microgram,µg,
MCU,millicurie,mCi,
MD,air dry metric ton,,"A unit of count defining the number of metric tons of a product, disregarding the water content of the product."
MGM,milligram,mg,
MHZ,megahertz,MHz,
MIK,square mile (statute mile),mi²,
MIL,thousand,,
MIN,minute [unit of time],min,
MIO,million,,
MIU,million international unit,,A unit of count defining the number of international units in multiples of 10⁶.
MKD,Square Metre Day,m²·d,Unit for measuring physical dimensions and time as required by DIN 18451
MKM,Square Metre Month,m²·mo,Unit for measuring physical dimensions and time as required by DIN 18451
MKW,Square Metre Week,m²· wk,Unit for measuring physical dimensions and time as required by DIN 18451
MLD,milliard,,Synonym: billion (US)
MLT,millilitre,ml,
MMK,square millimetre,mm²,
MMQ,cubic millimetre,mm³,
MMT,millimetre,mm,
MND,"kilogram, dry weight",,"A unit of mass defining the number of kilograms of a product, disregarding the water content of the product."
MNJ,Mega Joule per Normalised cubic Metre,MJ/m³,Energy in Mega Joules per normalised cubic metre for gas (temperature 0°C and pressure 101325 millibars)
MON,month,mo,"Unit of time equal to 1/12 of a year of 365,25 days."
MPA,megapascal,MPa,
MQD,Cubic Metre Day,m³·d,Unit for measuring physical dimensions and time as required by DIN 18451
MQH,cubic metre per hour,m³/h,
MQM,Cubic Metre Month,m³·mo,Unit for measuring physical dimensions and time as required by DIN 18451
MQS,cubic metre per second,m³/s,
MQW,Cubic Metre Week,m³·wk,Unit for measuring physical dimensions and time as required by DIN 18451
MRD,Metre Day,m·day,Unit for measuring physical dimensions and time as required by DIN 18451
MRM,Metre Month,m·mo,Unit for measuring physical dimensions and time as required by DIN 18451
MRW,Metre Week,m·wk,"Unit for measuring physical dimensions and time, as required by DIN 18451"
MSK,metre per second squared,m/s²,
MTK,square metre,m²,
MTQ,cubic metre,m³,Synonym: metre cubed
MTR,metre,m,
MTS,metre per second,m/s,
MTZ,millihertz,mHz ,A unit of frequency equal to 0.001 cycle per second
MVA,megavolt - ampere,MV·A,
MWH,megawatt hour (1000 kW.h),MW·h,A unit of power defining the total amount of bulk energy transferred or consumed.
N1,pen calorie,,A unit of count defining the number of calories prescribed daily for parenteral/enteral therapy.
N10,pound foot per second,lb·(ft/s),Product of the avoirdupois pound according to the avoirdupois unit system and the unit foot according to the Anglo-American and Imperial system of units divided by the SI base unit second.
N11,pound inch per second,lb·(in/s),Product of the avoirdupois pound according to the avoirdupois unit system and the unit inch according to the Anglo-American and Imperial system of units divided by the SI base unit second.
N12,Pferdestaerke,PS,"Obsolete unit of the power relating to DIN 1301-3:1979: 1 PS = 735,498 75 W."
N13,centimetre of mercury (0 ºC),cmHg (0 ºC),"Non SI-conforming unit of pressure, at which a value of 1 cmHg meets the static pressure, which is generated by a mercury at a temperature of 0 °C with a height of 1 centimetre ."
N14,centimetre of water (4 ºC),cmH₂O (4 °C),"Non SI-conforming unit of pressure, at which a value of 1 cmH2O meets the static pressure, which is generated by a head of water at a temperature of 4 °C with a height of 1 centimetre ."
N15,foot of water (39.2 ºF),"ftH₂O (39,2 ºF)","Non SI-conforming unit of pressure according to the Anglo-American and Imperial system for units, whereas the value of 1 ftH2O is equivalent to the static pressure, which is generated by a head of water at a temperature 39,2°F with a height of 1 foot ."
N16,inch of mercury (32 ºF),inHG (32 ºF),"Non SI-conforming unit of pressure according to the Anglo-American and Imperial system for units, whereas the value of 1 inHg meets the static pressure, which is generated by a mercury at a temperature of 32°F with a height of 1 inch."
N17,inch of mercury (60 ºF),inHg (60 ºF),"Non SI-conforming unit of pressure according to the Anglo-American and Imperial system for units, whereas the value of 1 inHg meets the static pressure, which is generated by a mercury at a temperature of 60°F with a height of 1 inch."
N18,inch of water (39.2 ºF),"inH₂O (39,2 ºF)","Non SI-conforming unit of pressure according to the Anglo-American and Imperial system for units, whereas the value of 1 inH2O meets the static pressure, which is generated by a head of water at a temperature of 39,2°F with a height of 1 inch ."
N19,inch of water (60 ºF),inH₂O (60 ºF),"Non SI-conforming unit of pressure according to the Anglo-American and Imperial system for units, whereas the value of 1 inH2O meets the static pressure, which is generated by a head of water at a temperature of 60°F with a height of 1 inch ."
N20,kip per square inch,ksi,Non SI-conforming unit of the pressure according to the Anglo-American system of units as the 1000-fold of the unit of the force pound-force divided by the power of the unit inch by exponent 2.
N21,poundal per square foot,pdl/ft²,"Non SI-conforming unit of pressure by the Imperial system of units according to NIST: 1 pdl/ft² = 1,488 164 Pa."
N22,ounce (avoirdupois) per square inch,oz/in²,Unit of the surface specific mass (avoirdupois ounce according to the avoirdupois system of units according to the surface square inch according to the Anglo-American and Imperial system of units).
N23,conventional metre of water,mH₂O,"Not SI-conforming unit of pressure, whereas a value of 1 mH2O is equivalent to the static pressure, which is produced by one metre high water column ."
N24,gram per square millimetre,g/mm²,"0,001-fold of the SI base unit kilogram divided by the 0.000 001-fold of the power of the SI base unit meter by exponent 2."
N25,pound per square yard,lb/yd²,Unit for areal-related mass as a unit pound according to the avoirdupois unit system divided by the power of the unit yard according to the Anglo-American and Imperial system of units with exponent 2.
N26,poundal per square inch,pdl/in²,Non SI-conforming unit of the pressure according to the Imperial system of units (poundal by square inch).
N27,foot to the fourth power,ft⁴,"Power of the unit foot according to the Anglo-American and Imperial system of units by exponent 4 according to NIST: 1 ft4 = 8,630 975 m4."
N28,cubic decimetre per kilogram,dm³/kg,"0,001 fold of the power of the SI base unit meter by exponent 3 divided by the SI based unit kilogram."
N29,cubic foot per pound,ft³/lb,Power of the unit foot according to the Anglo-American and Imperial system of units by exponent 3 divided by the unit avoirdupois pound according to the avoirdupois unit system.
N3,print point,,
N30,cubic inch per pound,in³/lb,Power of the unit inch according to the Anglo-American and Imperial system of units by exponent 3 divided by the avoirdupois pound according to the avoirdupois unit system .
N31,kilonewton per metre,kN/m,1000-fold of the derived SI unit newton divided by the SI base unit metre.
N32,poundal per inch,pdl/in,Non SI-conforming unit of the surface tension according to the Imperial unit system as quotient poundal by inch.
N33,pound-force per yard,lbf/yd,Unit of force per unit length based on the Anglo-American system of units.
N34,poundal second per square foot,(pdl/ft²)·s,Non SI-conforming unit of viscosity.
N35,poise per pascal,P/Pa,CGS (Centimetre-Gram-Second system) unit poise divided by the derived SI unit pascal.
N36,newton second per square metre,(N/m²)·s,Unit of the dynamic viscosity as a product of unit of the pressure (newton by square metre) multiplied with the SI base unit second.
N37,kilogram per metre second,kg/(m·s),Unit of the dynamic viscosity as a quotient SI base unit kilogram divided by the SI base unit metre and by the SI base unit second.
N38,kilogram per metre minute,kg/(m·min),Unit of the dynamic viscosity as a quotient SI base unit kilogram divided by the SI base unit metre and by the unit minute.
N39,kilogram per metre day,kg/(m·d),Unit of the dynamic viscosity as a quotient SI base unit kilogram divided by the SI base unit metre and by the unit day.
N40,kilogram per metre hour,kg/(m·h),Unit of the dynamic viscosity as a quotient SI base unit kilogram divided by the SI base unit metre and by the unit hour.
N41,gram per centimetre second,g/(cm·s),"Unit of the dynamic viscosity as a quotient of the 0,001-fold of the SI base unit kilogram divided by the 0,01-fold of the SI base unit metre and SI base unit second."
N42,poundal second per square inch,(pdl/in²)·s,Non SI-conforming unit of dynamic viscosity according to the Imperial system of units as product unit of the pressure (poundal by square inch) multiplied by the SI base unit second.
N43,pound per foot minute,lb/(ft·min),Unit of the dynamic viscosity according to the Anglo-American unit system.
N44,pound per foot day,lb/(ft·d),Unit of the dynamic viscosity according to the Anglo-American unit system.
N45,cubic metre per second pascal,(m³/s)/Pa,Power of the SI base unit meter by exponent 3 divided by the product of the SI base unit second and the derived SI base unit pascal.
N46,foot poundal,ft·pdl,Unit of the work (force-path).
N47,inch poundal,in·pdl,Unit of work (force multiplied by path) according to the Imperial system of units as a product unit inch multiplied by poundal.
N48,watt per square centimetre,W/cm²,"Derived SI unit watt divided by the power of the 0,01-fold the SI base unit metre by exponent 2."
N49,watt per square inch,W/in²,Derived SI unit watt divided by the power of the unit inch according to the Anglo-American and Imperial system of units by exponent 2.
N50,British thermal unit (international table) per square foot hour,BtuIT/(ft²·h),Unit of the surface heat flux according to the Imperial system of units.
N51,British thermal unit (thermochemical) per square foot hour,Btuth/(ft²·h),Unit of the surface heat flux according to the Imperial system of units.
N52,British thermal unit (thermochemical) per square foot minute,Btuth/(ft²·min) ,Unit of the surface heat flux according to the Imperial system of units.
N53,British thermal unit (international table) per square foot second,BtuIT/(ft²·s),Unit of the surface heat flux according to the Imperial system of units.
N54,British thermal unit (thermochemical) per square foot second,Btuth/(ft²·s),Unit of the surface heat flux according to the Imperial system of units.
N55,British thermal unit (international table) per square inch second,BtuIT/(in²·s),Unit of the surface heat flux according to the Imperial system of units.
N56,calorie (thermochemical) per square centimetre minute,calth/(cm²·min),Unit of the surface heat flux according to the Imperial system of units.
N57,calorie (thermochemical) per square centimetre second,calth/(cm²·s),Unit of the surface heat flux according to the Imperial system of units.
N58,British thermal unit (international table) per cubic foot,BtuIT/ft³,Unit of the energy density according to the Imperial system of units.
N59,British thermal unit (thermochemical) per cubic foot,Btuth/ft³,Unit of the energy density according to the Imperial system of units.
N60,British thermal unit (international table) per degree Fahrenheit,BtuIT/ºF,Unit of the heat capacity according to the Imperial system of units.
N61,British thermal unit (thermochemical) per degree Fahrenheit,Btuth/ºF,Unit of the heat capacity according to the Imperial system of units.
N62,British thermal unit (international table) per degree Rankine,BtuIT/ºR,Unit of the heat capacity according to the Imperial system of units.
N63,British thermal unit (thermochemical) per degree Rankine,Btuth/ºR,Unit of the heat capacity according to the Imperial system of units.
N64,British thermal unit (thermochemical) per pound degree Rankine,(Btuth/°R)/lb,Unit of the heat capacity (British thermal unit according to the international table according to the Rankine degree) according to the Imperial system of units divided by the unit avoirdupois pound according to the avoirdupois system of units.
N65,kilocalorie (international table) per gram kelvin,(kcalIT/K)/g,"Unit of the mass-related heat capacity as quotient 1000-fold of the calorie (international table) divided by the product of the 0,001-fold of the SI base units kilogram and kelvin."
N66,British thermal unit (39 ºF),Btu (39 ºF) ,Unit of heat energy according to the Imperial system of units in a reference temperature of 39 °F.
N67,British thermal unit (59 ºF),Btu (59 ºF),Unit of heat energy according to the Imperial system of units in a reference temperature of 59 °F.
N68,British thermal unit (60 ºF),Btu (60 ºF) ,Unit of head energy according to the Imperial system of units at a reference temperature of 60 °F.
N69,calorie (20 ºC),cal₂₀,"Unit for quantity of heat, which is to be required for 1 g air free water at a constant pressure from 101,325 kPa, to warm up the pressure of standard atmosphere at sea level, from 19,5 °C on 20,5 °C."
N70,quad (1015 BtuIT),quad,Unit of heat energy according to the imperial system of units.
N71,therm (EC),thm (EC),"Unit of heat energy in commercial use, within the EU defined: 1 thm (EC) = 100 000 BtuIT."
N72,therm (U.S.),thm (US),Unit of heat energy in commercial use.
N73,British thermal unit (thermochemical) per pound,Btuth/lb,Unit of the heat energy according to the Imperial system of units divided the unit avoirdupois pound according to the avoirdupois system of units.
N74,British thermal unit (international table) per hour square foot degree Fahrenheit,BtuIT/(h·ft²·ºF),Unit of the heat transition coefficient according to the Imperial system of units.
N75,British thermal unit (thermochemical) per hour square foot degree Fahrenheit,Btuth/(h·ft²·ºF),Unit of the heat transition coefficient according to the imperial system of units.
N76,British thermal unit (international table) per second square foot degree Fahrenheit,BtuIT/(s·ft²·ºF),Unit of the heat transition coefficient according to the imperial system of units.
N77,British thermal unit (thermochemical) per second square foot degree Fahrenheit,Btuth/(s·ft²·ºF) ,Unit of the heat transition coefficient according to the imperial system of units.
N78,kilowatt per square metre kelvin,kW/(m²·K),1000-fold of the derived SI unit watt divided by the product of the power of the SI base unit metre by exponent 2 and the SI base unit kelvin.
N79,kelvin per pascal,K/Pa,SI base unit kelvin divided by the derived SI unit pascal.
N80,watt per metre degree Celsius,W/(m·°C),Derived SI unit watt divided by the product of the SI base unit metre and the unit for temperature degree Celsius.
N81,kilowatt per metre kelvin,kW/(m·K),1000-fold of the derived SI unit watt divided by the product of the SI base unit metre and the SI base unit kelvin.
N82,kilowatt per metre degree Celsius,kW/(m·°C),1000-fold of the derived SI unit watt divided by the product of the SI base unit metre and the unit for temperature degree Celsius.
N83,metre per degree Celcius metre,m/(°C·m),SI base unit metre divided by the product of the unit degree Celsius and the SI base unit metre.
N84,degree Fahrenheit hour per British thermal unit (international table),ºF/(BtuIT/h),Non SI-conforming unit of the thermal resistance according to the Imperial system of units.
N85,degree Fahrenheit hour per British thermal unit (thermochemical),ºF/(Btuth/h),Non SI-conforming unit of the thermal resistance according to the Imperial system of units.
N86,degree Fahrenheit second per British thermal unit (international table),ºF/(BtuIT/s),Non SI-conforming unit of the thermal resistance according to the Imperial system of units.
N87,degree Fahrenheit second per British thermal unit (thermochemical),ºF/(Btuth/s),Non SI-conforming unit of the thermal resistance according to the Imperial system of units.
N88,degree Fahrenheit hour square foot per British thermal unit (international table) inch,ºF·h·ft²/(BtuIT·in),Unit of specific thermal resistance according to the Imperial system of units.
N89,degree Fahrenheit hour square foot per British thermal unit (thermochemical) inch,ºF·h·ft²/(Btuth·in),Unit of specific thermal resistance according to the Imperial system of units.
N90,kilofarad,kF,1000-fold of the derived SI unit farad.
N91,reciprocal joule,1/J,Reciprocal of the derived SI unit joule.
N92,picosiemens,pS,"0,000 000 000 001-fold of the derived SI unit siemens."
N93,ampere per pascal,A/Pa,SI base unit ampere divided by the derived SI unit pascal.
N94,franklin,Fr,"CGS (Centimetre-Gram-Second system) unit of the electrical charge, where the charge amounts to exactly 1 Fr where the force of 1 dyn on an equal load is performed at a distance of 1 cm."
N95,ampere minute,A·min,A unit of electric charge defining the amount of charge accumulated by a steady flow of one ampere for one minute..
N96,biot,Bi,CGS (Centimetre-Gram-Second system) unit of the electric power which is defined by a force of 2 dyn per cm between two parallel conductors of infinite length with negligible cross-section in the distance of 1 cm.
N97,gilbert,Gi,"CGS (Centimetre-Gram-Second system) unit of the magnetomotive force, which is defined by the work to increase the magnetic potential of a positive common pol with 1 erg."
N98,volt per pascal,V/Pa,Derived SI unit volt divided by the derived SI unit pascal.
N99,picovolt,pV,"0,000 000 000 001-fold of the derived SI unit volt."
NA,milligram per kilogram,mg/kg,
NAR,number of articles,,A unit of count defining the number of articles (article: item).
NCL,number of cells,,"A unit of count defining the number of cells (cell: an enclosed or circumscribed space, cavity, or volume)."
NEW,newton,N,
NF,message,,A unit of count defining the number of messages.
NIL,nil,(),A unit of count defining the number of instances of nothing.
NIU,number of international units,,A unit of count defining the number of international units.
NL,load,,A unit of volume defining the number of loads (load: a quantity of items carried or processed at one time).
NM3,Normalised cubic metre,,Normalised cubic metre (temperature 0°C and pressure 1013.25 millibars )
NMI,nautical mile,n mile,
NMP,number of packs,,A unit of count defining the number of packs (pack: a collection of objects packaged together).
NPT,number of parts,,A unit of count defining the number of parts (part: component of a larger entity).
NT,net ton,,"A unit of mass equal to 2000 pounds, see ton (US).  Refer International Convention on tonnage measurement of Ships."
NTU,Nephelometric turbidity unit,NTU,Nephelometric turbidity unit (NTU) is used for water turbidity level evaluation
NU,newton metre,N·m,
NX,part per thousand,‰,"A unit of proportion equal to 10⁻³. ,Synonym: per mille"
OA,panel,,"A unit of count defining the number of panels (panel: a distinct, usually rectangular, section of a surface)."
ODE,ozone depletion equivalent,,"A unit of mass defining the ozone depletion potential in kilograms of a product relative to the calculated depletion for the reference substance, Trichlorofluoromethane (CFC-11)."
ODG,ODS Grams,,"A unit of measure calculated by multiplying the mass of the substance in grams and the ozone-depleting potential for the substance.,"
ODK,ODS Kilograms,,A unit of measure calculated by multiplying the mass of the substance in kilograms and the ozone-depleting potential for the substance.
ODM,ODS Milligrams,,A unit of measure calculated by multiplying the mass of the substance in milligrams and the ozone-depleting potential for the substance.
OHM,ohm,Ω,
ON,ounce per square yard,oz/yd²,
ONZ,ounce (avoirdupois),oz,
OPM,oscillations per minute,o/min,The number of oscillations per minute.
OT,overtime hour,,A unit of time defining the number of overtime hours.
OZA,fluid ounce (US),fl oz (US),
OZI,fluid ounce (UK),fl oz (UK),
P1,percent,% or pct,A unit of proportion equal to 0.01.
P10,coulomb per metre,C/m,Derived SI unit coulomb divided by the SI base unit metre.
P11,kiloweber,kWb,1000 fold of the derived SI unit weber.
P12,gamma,γ,Unit of magnetic flow density.
P13,kilotesla,kT,1000-fold of the derived SI unit tesla.
P14,joule per second,J/s,Quotient of the derived SI unit joule divided by the SI base unit second.
P15,joule per minute,J/min,Quotient from the derived SI unit joule divided by the unit minute.
P16,joule per hour,J/h,Quotient from the derived SI unit joule divided by the unit hour.
P17,joule per day,J/d,Quotient from the derived SI unit joule divided by the unit day.
P18,kilojoule per second,kJ/s,Quotient from the 1000-fold of the derived SI unit joule divided by the SI base unit second.
P19,kilojoule per minute,kJ/min,Quotient from the 1000-fold of the derived SI unit joule divided by the unit minute.
P2,pound per foot,lb/ft,
P20,kilojoule per hour,kJ/h,Quotient from the 1000-fold of the derived SI unit joule divided by the unit hour.
P21,kilojoule per day,kJ/d,Quotient from the 1000-fold of the derived SI unit joule divided by the unit day.
P22,nanoohm,nΩ,"0,000 000 001-fold of the derived SI unit ohm."
P23,ohm circular-mil per foot,Ω·cmil/ft ,Unit of resistivity.
P24,kilohenry,kH,1000-fold of the derived SI unit henry.
P25,lumen per square foot,lm/ft²,Derived SI unit lumen divided by the power of the unit foot according to the Anglo-American and Imperial system of units by exponent 2.
P26,phot,ph,"CGS (Centimetre-Gram-Second system) unit of luminance, defined as lumen by square centimetre."
P27,footcandle,ftc,"Non SI conform traditional unit, defined as density of light which impinges on a surface which has a distance of one foot from a light source, which shines with an intensity of an international candle."
P28,candela per square inch,cd/in²,SI base unit candela divided by the power of unit inch according to the Anglo-American and Imperial system of units by exponent 2.
P29,footlambert,ftL,"Unit of the luminance according to the Anglo-American system of units, defined as emitted or reflected luminance of a lm/ft²."
P30,lambert,Lb,"CGS (Centimetre-Gram-Second system) unit of luminance, defined as the emitted or reflected luminance by one lumen per square centimetre."
P31,stilb,sb,"CGS (Centimetre-Gram-Second system) unit of luminance, defined as emitted or reflected luminance by one lumen per square centimetre."
P32,candela per square foot,cd/ft²,Base unit SI candela divided by the power of the unit foot according to the Anglo-American and Imperial system of units by exponent 2.
P33,kilocandela,kcd,1000-fold of the SI base unit candela.
P34,millicandela,mcd,"0,001-fold of the SI base unit candela."
P35,Hefner-Kerze,HK,"Obsolete, non-legal unit of the power in Germany relating to DIN 1301-3:1979: 1 HK = 0,903 cd."
P36,international candle,IK,"Obsolete, non-legal unit of the power in Germany relating to DIN 1301-3:1979: 1 HK = 1,019 cd."
P37,British thermal unit (international table) per square foot,BtuIT/ft²,Unit of the areal-related energy transmission according to the Imperial system of units.
P38,British thermal unit (thermochemical) per square foot,Btuth/ft²,Unit of the areal-related energy transmission according to the Imperial system of units.
P39,calorie (thermochemical) per square centimetre,calth/cm²,Unit of the areal-related energy transmission according to the Imperial system of units.
P40,langley,Ly,CGS (Centimetre-Gram-Second system) unit of the areal-related energy transmission (as a measure of the incident quantity of heat of solar radiation on the earth's surface).
P41,decade (logarithmic),dec,"1 Dec := log2 10 ˜ 3,32 according to the logarithm for frequency range between f1 and f2, when f2/f1 = 10."
P42,pascal squared second,Pa²·s,Unit of the set as a product of the power of derived SI unit pascal with exponent 2 and the SI base unit second.
P43,bel per metre,B/m,Unit bel divided by the SI base unit metre.
P44,pound mole,lbmol,Non SI-conforming unit of quantity of a substance relating that one pound mole of a chemical composition corresponds to the same number of pounds as the molecular weight of one molecule of this composition in atomic mass units.
P45,pound mole per second,lbmol/s,Non SI-conforming unit of the power of the amount of substance non-SI compliant unit of the molar flux relating that a pound mole of a chemical composition the same number of pound corresponds like the molecular weight of a molecule of this composition in atomic mass units.
P46,pound mole per minute,lbmol/h,Non SI-conforming unit of the power of the amount of substance non-SI compliant unit of the molar flux relating that a pound mole of a chemical composition the same number of pound corresponds like the molecular weight of a molecule of this composition in atomic mass units.
P47,kilomole per kilogram,kmol/kg,1000-fold of the SI base unit mol divided by the SI base unit kilogram.
P48,pound mole per pound,lbmol/lb,Non SI-conforming unit of the material molar flux divided by the avoirdupois pound for mass according to the avoirdupois unit system.
P49,newton square metre per ampere,N·m²/A,Product of the derived SI unit newton and the power of SI base unit metre with exponent 2 divided by the SI base unit ampere.
P5,five pack,,A unit of count defining the number of five-packs (five-pack: set of five items packaged together).
P50,weber metre,Wb·m,Product of the derived SI unit weber and SI base unit metre.
P51,mol per kilogram pascal,(mol/kg)/Pa,SI base unit mol divided by the product of the SI base unit kilogram and the derived SI unit pascal.
P52,mol per cubic metre pascal,(mol/m³)/Pa,SI base unit mol divided by the product of the power from the SI base unit metre with exponent 3 and the derived SI unit pascal.
P53,unit pole,unit pole ,CGS (Centimetre-Gram-Second system) unit for magnetic flux of a magnetic pole (according to the interaction of identical poles of 1 dyn at a distance of a cm).
P54,milligray per second,mGy/s,"0,001-fold of the derived SI unit gray divided by the SI base unit second."
P55,microgray per second,µGy/s,"0,000 001-fold of the derived SI unit gray divided by the SI base unit second."
P56,nanogray per second,nGy/s,"0,000 000 001-fold of the derived SI unit gray divided by the SI base unit second."
P57,gray per minute,Gy/min,SI derived unit gray divided by the unit minute.
P58,milligray per minute,mGy/min,"0,001-fold of the derived SI unit gray divided by the unit minute."
P59,microgray per minute,µGy/min,"0,000 001-fold of the derived SI unit gray divided by the unit minute."
P60,nanogray per minute,nGy/min,"0,000 000 001-fold of the derived SI unit gray divided by the unit minute."
P61,gray per hour,Gy/h,SI derived unit gray divided by the unit hour.
P62,milligray per hour,mGy/h,"0,001-fold of the derived SI unit gray divided by the unit hour."
P63,microgray per hour,µGy/h,"0,000 001-fold of the derived SI unit gray divided by the unit hour."
P64,nanogray per hour,nGy/h,"0,000 000 001-fold of the derived SI unit gray divided by the unit hour."
P65,sievert per second,Sv/s,Derived SI unit sievert divided by the SI base unit second.
P66,millisievert per second,mSv/s,"0,001-fold of the derived SI unit sievert divided by the SI base unit second."
P67,microsievert per second,µSv/s,"0,000 001-fold of the derived SI unit sievert divided by the SI base unit second."
P68,nanosievert per second,nSv/s,"0,000 000 001-fold of the derived SI unit sievert divided by the SI base unit second."
P69,rem per second,rem/s,"Unit for the equivalent tin rate relating to DIN 1301-3:1979: 1 rem/s = 0,01 J/(kg·s) = 1 Sv/s."
P70,sievert per hour,Sv/h,Derived SI unit sievert divided by the unit hour.
P71,millisievert per hour,mSv/h,"0,001-fold of the derived SI unit sievert divided by the unit hour."
P72,microsievert per hour,µSv/h,"0,000 001-fold of the derived SI unit sievert divided by the unit hour."
P73,nanosievert per hour,nSv/h,"0,000 000 001-fold of the derived SI unit sievert divided by the unit hour."
P74,sievert per minute,Sv/min,Derived SI unit sievert divided by the unit minute.
P75,millisievert per minute,mSv/min,"0,001-fold of the derived SI unit sievert divided by the unit minute."
P76,microsievert per minute,µSv/min,"0,000 001-fold of the derived SI unit sievert divided by the unit minute."
P77,nanosievert per minute,nSv/min,"0,000 000 001-fold of the derived SI unit sievert divided by the unit minute."
P78,reciprocal square inch,1/in²,Complement of the power of the unit inch according to the Anglo-American and Imperial system of units by exponent 2.
P79,pascal square metre per kilogram,Pa/(kg/m²),"Unit of the burst index as derived unit for pressure pascal related to the substance, represented as a quotient from the SI base unit kilogram divided by the power of the SI base unit metre by exponent 2."
P80,millipascal per metre,mPa/m,"0,001-fold of the derived SI unit pascal divided by the SI base unit metre."
P81,kilopascal per metre,kPa/m,1000-fold of the derived SI unit pascal divided by the SI base unit metre.
P82,hectopascal per metre,hPa/m,100-fold of the derived SI unit pascal divided by the SI base unit metre.
P83,standard atmosphere per metre,Atm/m,Outdated unit of the pressure divided by the SI base unit metre.
P84,technical atmosphere per metre,at/m,Obsolete and non-legal unit of the pressure which is generated by a 10 metre water column divided by the SI base unit metre.
P85,torr per metre,Torr/m,CGS (Centimetre-Gram-Second system) unit of the pressure divided by the SI base unit metre.
P86,psi per inch,psi/in,Compound unit for pressure (pound-force according to the Anglo-American unit system divided by the power of the unit inch according to the Anglo-American and Imperial system of units with the exponent 2) divided by the unit inch according to the Anglo-American and Imperial system of units .
P87,cubic metre per second square metre,(m³/s)/m²,Unit of volume flow cubic meters by second related to the transmission surface in square metres.
P88,rhe,rhe,Non SI-conforming unit of fluidity of dynamic viscosity.
P89,pound-force foot per inch,lbf·ft/in,Unit for length-related rotational moment according to the Anglo-American and Imperial system of units.
P90,pound-force inch per inch,lbf·in/in,Unit for length-related rotational moment according to the Anglo-American and Imperial system of units.
P91,perm (0 ºC),perm (0 ºC) ,"Traditional unit for the ability of a material to allow the transition of the steam, defined at a temperature of 0 °C as steam transmittance, where the mass of one grain steam penetrates an area of one foot squared at a pressure from one inch mercury per hour."
P92,perm (23 ºC),perm (23 ºC) ,"Traditional unit for the ability of a material to allow the transition of the steam, defined at a temperature of 23 °C as steam transmittance at which the mass of one grain of steam penetrates an area of one square foot at a pressure of one inch mercury per hour."
P93,byte per second,byte/s,Unit byte divided by the SI base unit second.
P94,kilobyte per second,kbyte/s,1000-fold of the unit byte divided by the SI base unit second.
P95,megabyte per second,Mbyte/s,1 000 000-fold of the unit byte divided by the SI base unit second.
P96,reciprocal volt,1/V,Reciprocal of the derived SI unit volt.
P97,reciprocal radian,1/rad,Reciprocal of the unit radian.
P98,pascal to the power sum of stoichiometric numbers,PaΣνB,"Unit of the equilibrium constant on the basis of the pressure(ISO 80000-9:2009, 9-35.a)."
P99,mole per cubiv metre to the power sum of stoichiometric numbers,(mol/m³)∑νB,"Unit of the equilibrium constant on the basis of the concentration (ISO 80000-9:2009, 9-36.a)."
PAL,pascal,Pa,
PD,pad,,A unit of count defining the number of pads (pad: block of paper sheets fastened together at one end).
PFL,proof litre,,"A unit of volume equal to one litre of proof spirits, or the alcohol equivalent thereof. Used for measuring the strength of distilled alcoholic liquors, expressed as a percentage of the alcohol content of a standard mixture at a specific temperature."
PGL,proof gallon,,"A unit of volume equal to one gallon of proof spirits, or the alcohol equivalent thereof. Used for measuring the strength of distilled alcoholic liquors, expressed as a percentage of the alcohol content of a standard mixture at a specific temperature."
PI,pitch,,A unit of count defining the number of characters that fit in a horizontal inch.
PLA,degree Plato,°P,"A unit of proportion defining the sugar content of a product, especially in relation to beer."
PO,pound per inch of length,lb/in,
PQ,page per inch,ppi,"A unit of quantity defining the degree of thickness of a bound publication, expressed as the number of pages per inch of thickness."
PR,pair,,A unit of count defining the number of pairs (pair: item described by two's).
PS,pound-force per square inch,lbf/in²,
PTD,dry pint (US),dry pt (US),
PTI,pint (UK),pt (UK),
PTL,liquid pint (US),liq pt (US),
PTN,portion,PTN,"A quantity of allowance of food allotted to, or enough for, one person."
Q10,joule per tesla,J/T,Unit of the magnetic dipole moment of the molecule as derived SI unit joule divided by the derived SI unit tesla.
Q11,erlang,E,Unit of the market value according to the feature of a single feature as a statistical measurement of the existing utilization.
Q12,octet,o,Synonym for byte: 1 octet = 8 bit = 1 byte.
Q13,octet per second,o/s,Unit octet divided by the SI base unit second.
Q14,shannon,Sh,"Logarithmic unit for information equal to the content of decision of a sentence of two mutually exclusive events, expressed as a logarithm to base 2."
Q15,hartley,Hart,"Logarithmic unit for information equal to the content of decision of a sentence of ten mutually exclusive events, expressed as a logarithm to base 10."
Q16,natural unit of information,nat,"Logarithmic unit for information equal to the content of decision of a sentence of ,718 281 828 459 mutually exclusive events, expressed as a logarithm to base Euler value e."
Q17,shannon per second,Sh/s,"Time related logarithmic unit for information equal to the content of decision of a sentence of two mutually exclusive events, expressed as a logarithm to base 2."
Q18,hartley per second,Hart/s,"Time related logarithmic unit for information equal to the content of decision of a sentence of ten mutually exclusive events, expressed as a logarithm to base 10."
Q19,natural unit of information per second,nat/s,"Time related logarithmic unit for information equal to the content of decision of a sentence of 2,718 281 828 459 mutually exclusive events, expressed as a logarithm to base of the Euler value e."
Q20,second per kilogramm,s/kg,"Unit of the Einstein transition probability for spontaneous or inducing emissions and absorption according to ISO 80000-7:2008, expressed as SI base unit second divided by the SI base unit kilogram."
Q21,watt square metre,W·m²,"Unit of the first radiation constants c1 = 2·p·h·c0², the value of which is 3,741 771 18·10?¹6-fold   that of the comparative value of the product of the derived SI unit watt multiplied with the power of the SI base unit metre with the exponent 2."
Q22,second per radian cubic metre,1/(Hz·rad·m³),Unit of the density of states as an expression of angular frequency as complement of the product of hertz and radiant and the power of SI base unit metre by exponent 3 .
Q23,weber to the power minus one,1/Wb,"Complement of the derived SI unit weber as unit of the Josephson constant, which value is equal to the 384 597,891-fold of the reference value gigahertz divided by volt."
Q24,reciprocal inch,1/in,Complement of the unit inch according to the Anglo-American and Imperial system of units.
Q25,dioptre,dpt,Unit used at the statement of relative refractive indexes of optical systems as complement of the focal length with correspondence to: 1 dpt = 1/m.
Q26,one per one,1/1,Value of the quotient from two physical units of the same kind as a numerator and denominator whereas the units are shortened mutually.
Q27,newton metre per metre,N·m/m²,Unit for length-related rotational moment as product of the derived SI unit newton and the SI base unit metre divided by the SI base unit metre.
Q28,kilogram per square metre pascal second,kg/(m²·Pa·s),Unit for the ability of a material to allow the transition of steam.
Q29,microgram per hectogram,µg/hg,Microgram per hectogram.
Q3,meal,,A unit of count defining the number of meals (meal: an amount of food to be eaten on a single occasion).
Q30,pH (potential of Hydrogen),pH,The activity of the (solvated) hydrogen ion (a logarithmic measure used to state the acidity or alkalinity of a chemical solution).
Q31,kilojoule per gram,kJ/g,
Q32,femtolitre,fl,
Q33,picolitre,pl,
Q34,nanolitre,nl,
Q35,megawatts per minute,MW/min,A unit of power defining the total amount of bulk energy transferred or consumer per minute.
Q36,square metre per cubic metre,m2/m3,A unit of the amount of surface area per unit volume of an object or collection of objects.
Q37,Standard cubic metre per day,,Standard cubic metre (temperature 15°C and pressure 1013.25 millibars ) per day
Q38,Standard cubic metre per hour,,Standard cubic metre (temperature 15°C and pressure 1013.25 millibars ) per hour
Q39,Normalized cubic metre per day,,Normalized cubic metre (temperature 0°C and pressure 1013.25 millibars ) per day
Q40,Normalized cubic metre per hour,,Normalized cubic metre (temperature 0°C and pressure 1013.25 millibars ) per hour
Q41,Joule per normalised cubic metre,,Joule per normalised cubic metre (temperature 0°C and pressure 1013.25 millibars).
Q42,Joule per standard cubic metre,,Joule per standard cubic metre (temperature 15°C and pressure 1013.25 millibars).
QA,page - facsimile,,A unit of count defining the number of facsimile pages.
QAN,quarter (of a year),,A unit of time defining the number of quarters (3 months).
QB,page - hardcopy,,"A unit of count defining the number of hardcopy pages (hardcopy page: a page rendered as printed or written output on paper, film, or other permanent medium)."
QR,quire,qr,"A unit of count for paper, expressed as the number of quires (quire: a number of paper sheets, typically 25)."
QTD,dry quart (US),dry qt (US),
QTI,quart (UK),qt (UK),
QTL,liquid quart (US),liq qt (US),
QTR,quarter (UK),Qr (UK),"A traditional unit of weight equal to 1/4 hundredweight. In the United Kingdom, one quarter equals 28 pounds."
R1,pica,,A unit of count defining the number of picas. (pica: typographical length equal to 12 points or 4.22 mm (approx.)).
R9,thousand cubic metre,,A unit of volume equal to one thousand cubic metres.
RH,running or operating hour,,A unit of time defining the number of hours of operation.
RM,ream,,"A unit of count for paper, expressed as the number of reams (ream: a large quantity of paper sheets, typically 500)."
ROM,room,,A unit of count defining the number of rooms.
RP,pound per ream,,"A unit of mass for paper, expressed as pounds per ream. (ream: a large quantity of paper, typically 500 sheets)."
RPM,revolutions per minute,r/min,Refer ISO/TC12 SI Guide
RPS,revolutions per second,r/s,Refer ISO/TC12 SI Guide
RT,revenue ton mile,,"A unit of information typically used for billing purposes, expressed as the number of revenue tons (revenue ton: either a metric ton or a cubic metres, whichever is the larger), moved over a distance of one mile."
S3,square foot per second,ft²/s,Synonym: foot squared per second
S4,square metre per second,m²/s,Synonym: metre squared per second (square metres/second US)
SAN,half year (6 months),,A unit of time defining the number of half years (6 months).
SCO,score,,A unit of count defining the number of units in multiples of 20.
SCR,scruple,,
SEC,second [unit of time],s,
SET,set,,A unit of count defining the number of sets (set: a number of objects grouped together).
SG,segment,,A unit of information equal to 64000 bytes.
SIE,siemens,S,
SM3,Standard cubic metre,,Standard cubic metre (temperature 15°C and pressure 1013.25 millibars )
SMI,mile (statute mile),mile,
SQ,square,,A unit of count defining the number of squares (square: rectangular shape).
SQR,"square, roofing",,"A unit of count defining the number of squares of roofing materials, measured in multiples of 100 square feet."
SR,strip,,A unit of count defining the number of strips (strip: long narrow piece of an object).
STC,stick,,A unit of count defining the number of sticks (stick: slender and often cylindrical piece of a substance).
STI,stone (UK),st,
STK,"stick, cigarette",,A unit of count defining the number of cigarettes in the smallest unit for stock-taking and/or duty computation.
STL,standard litre,,"A unit of volume defining the number of litres of a product at a temperature of 15 degrees Celsius, especially in relation to hydrocarbon oils."
STN,ton (US) or short ton (UK/US),ton (US),Synonym: net ton (2000 lb)
STW,straw,,A unit of count defining the number of straws (straw: a slender tube used for sucking up liquids).
SW,skein,,A unit of count defining the number of skeins (skein: a loosely-coiled bundle of yarn or thread).
SX,shipment,,A unit of count defining the number of shipments (shipment: an amount of goods shipped or transported).
SYR,syringe,,"A unit of count defining the number of syringes (syringe: a small device for pumping, spraying and/or injecting liquids through a small aperture)."
T0,telecommunication line in service,,A unit of count defining the number of lines in service.
T3,thousand piece,,"A unit of count defining the number of pieces in multiples of 1000 (piece: a single item, article or exemplar)."
TAH,kiloampere hour (thousand ampere hour),kA·h,
TAN,total acid number,TAN,A unit of chemistry defining the amount of potassium hydroxide (KOH) in milligrams that is needed to neutralize the acids in one gram of oil. It is an important quality measurement of crude oil.
TI,thousand square inch,,
TIC,"metric ton, including container",,"A unit of mass defining the number of metric tons of a product, including its container."
TIP,"metric ton, including inner packaging",,"A unit of mass defining the number of metric tons of a product, including its inner packaging materials."
TKM,tonne kilometre,t·km,"A unit of information typically used for billing purposes, expressed as the number of tonnes (metric tons) moved over a distance of one kilometre. "
TMS,"kilogram of imported meat, less offal",,"A unit of mass equal to one thousand grams of imported meat, disregarding less valuable by-products such as the entrails."
TNE,tonne (metric ton),t,Synonym: metric ton
TP,ten pack,,A unit of count defining the number of items in multiples of 10.
TPI,teeth per inch,TPI,The number of teeth per inch.
TPR,ten pair,,A unit of count defining the number of pairs in multiples of 10 (pair: item described by two's).
TQD,thousand cubic metre per day,km³/d,A unit of volume equal to one thousand cubic metres per day.
TRL,trillion (EUR),,
TST,ten set,,A unit of count defining the number of sets in multiples of 10 (set: a number of objects grouped together).
TTS,ten thousand sticks,,A unit of count defining the number of sticks in multiples of 10000 (stick: slender and often cylindrical piece of a substance).
U1,treatment,,"A unit of count defining the number of treatments (treatment: subjection to the action of a chemical, physical or biological agent)."
U2,tablet,,A unit of count defining the number of tablets (tablet: a small flat or compressed solid object).
UB,telecommunication line in service average,,A unit of count defining the average number of lines in service.
UC,telecommunication port,,A unit of count defining the number of network access ports.
VA,volt - ampere per kilogram,V·A / kg,
VLT,volt,V,
VP,percent volume,,"A measure of concentration, typically expressed as the percentage volume of a solute in a solution."
W2,wet kilo,,"A unit of mass defining the number of kilograms of a product, including the water content of the product."
WA,watt per kilogram,W/kg,
WB,wet pound,,"A unit of mass defining the number of pounds of a material, including the water content of the material."
WCD,cord,,A unit of volume used for measuring lumber. One board foot equals 1/12 of a cubic foot.
WE,wet ton,,"A unit of mass defining the number of tons of a material, including the water content of the material."
WEB,weber,Wb,
WEE,week,wk,
WG,wine gallon,,A unit of volume equal to 231 cubic inches.
WHR,watt hour,W·h,
WM,working month,,A unit of time defining the number of working months.
WSD,standard,std,"A unit of volume of finished lumber equal to 165 cubic feet.,Synonym: standard cubic foot"
WTT,watt,W,
X1,Gunter's chain,ch (UK),A unit of distance used or formerly used by British surveyors.
YDK,square yard,yd²,
YDQ,cubic yard,yd³,
YRD,yard,yd,
Z11,hanging container,,A unit of count defining the number of hanging containers.
Z9,nanomole,nmol,An SI unit of amount of substance equal to 10−9 moles
ZP,page,,A unit of count defining the number of pages.
ZZ,mutually defined,,A unit of measure as agreed in common between two or more parties.
